Estimate,Std. Error,att,name
2.69309164,0.114269816,assertive,Alfreda
2.884615385,0.208560126,assertive,Alonzo
3.003710061,0.106484273,assertive,Althea
3.470588235,0.257925032,assertive,Amanda
2.075090505,0.11017722,assertive,Angel
2.875,0.217076261,assertive,Anna
2.55,0.23779513,assertive,Antoine
3.090909091,0.226728761,assertive,Antonio
2.652539094,0.106094422,assertive,Ayanna
2.7,0.23779513,assertive,Bertha
2.707189912,0.103533305,assertive,Brandi
2.717826893,0.106493005,assertive,Brandy
2.80952381,0.232064285,assertive,Cale
2.95,0.23779513,assertive,Cedric
3.222222222,0.250658076,assertive,Cesar
2.787878788,0.185123258,assertive,Charles
2.64594084,0.11214224,assertive,Cori
3.183673469,0.151921736,assertive,Cornell
2.581433951,0.106972244,assertive,Crystal
2.285714286,0.232064285,assertive,Earline
2.393331682,0.107365045,assertive,Earnestine
3.101449275,0.128024594,assertive,Ebony
2.434782609,0.221745102,assertive,Eloisa
2.196309978,0.107791436,assertive,Emily
2.947368421,0.243972656,assertive,Esperanza
2.233965094,0.105110229,assertive,Essie
2.373192067,0.112830077,assertive,Eula
2.212121212,0.185123258,assertive,Fannie
2.80952381,0.232064285,assertive,India
2.565217391,0.221745102,assertive,Irma
2.399618281,0.111762225,assertive,Ivory
2.48,0.21269043,assertive,Jacinto
3.285714286,0.284219543,assertive,Jacqueline
2.933333333,0.274582165,assertive,James
2.879454542,0.100278713,assertive,Janelle
2.727272727,0.226728761,assertive,Jennifer
2.774193548,0.191001645,assertive,Jermaine
2.818329328,0.108063512,assertive,Jolene
2.473684211,0.243972656,assertive,Jose
2.28125,0.132931519,assertive,Juan
3.010532312,0.112133703,assertive,Karin
2.5,0.23779513,assertive,Karina
2.25,0.265863038,assertive,Kathryn
2.863636364,0.226728761,assertive,Keisha
2.523379569,0.100625454,assertive,Kelli
2.913043478,0.221745102,assertive,Kelvin
2.463410336,0.102997193,assertive,Kimberlee
2.67223019,0.100434919,assertive,Krystal
3.111111111,0.204661462,assertive,Lakisha
2.904761905,0.232064285,assertive,Latasha
3.238095238,0.232064285,assertive,Latisha
3.24,0.21269043,assertive,Latonya
3.176470588,0.257925032,assertive,Latoya
2.476228024,0.098798023,assertive,Laurie
1.959754004,0.11655828,assertive,Lillie
2.7,0.336293098,assertive,Lino
2.611111111,0.250658076,assertive,Lisa
2.316167034,0.102347114,assertive,Mable
2.45,0.23779513,assertive,Manuel
3.266666667,0.274582165,assertive,Maria
3.260869565,0.221745102,assertive,Mark
2.882352941,0.257925032,assertive,Marlo
3,0.23779513,assertive,Megan
3.08,0.21269043,assertive,Michael
2.368421053,0.243972656,assertive,Migdalia
2.017138776,0.105282141,assertive,Misty
2.861390057,0.102420543,assertive,Nikki
3.151863271,0.097493471,assertive,Octavia
3.165857413,0.101958196,assertive,Odessa
2.6,0.21269043,assertive,Rafael
3.157894737,0.243972656,assertive,Reginald
2.75,0.265863038,assertive,Robert
3.035714286,0.200973566,assertive,Roberto
2.388888889,0.250658076,assertive,Ronald
2.666666667,0.250658076,assertive,Rosa
2.863636364,0.226728761,assertive,Roxana
3.092357096,0.1036732,assertive,Roxie
2.142857143,0.232064285,assertive,Sammie
2.866666667,0.274582165,assertive,Sandra
2.727272727,0.226728761,assertive,Sean
2.925925926,0.204661462,assertive,Sharon
3.222222222,0.204661462,assertive,Susan
2.4375,0.265863038,assertive,Sylvester
3.217382313,0.101211713,assertive,Tonya
3.055555556,0.250658076,assertive,Travis
3.214285714,0.200973566,assertive,Veronica
3.08,0.21269043,assertive,Victor
1.846153846,0.208560126,assertive,Willie
2.606123811,0.116245027,foreign,Aisha
3.272327331,0.104860371,foreign,Alfreda
3.136363636,0.227181808,foreign,Alonzo
3.015126333,0.097275333,foreign,Althea
1.35,0.23827029,foreign,Amanda
2.240321461,0.104448365,foreign,Angel
2,0.24446016,foreign,Anna
2.833333333,0.217510021,foreign,Antoine
2.857142857,0.232527993,foreign,Antonio
3.225376952,0.103757743,foreign,Ayanna
1.592592593,0.205070415,foreign,Bertha
1.393575681,0.108794272,foreign,Brandi
1.459835523,0.100075294,foreign,Brandy
2.25,0.23827029,foreign,Cale
1.692307692,0.295537922,foreign,Cedric
3.210526316,0.24446016,foreign,Cesar
1.222222222,0.251158938,foreign,Charles
1.704682915,0.108741488,foreign,Cori
1.571428571,0.152225304,foreign,Cornell
1.413200666,0.104890205,foreign,Crystal
3.2,0.275130832,foreign,Earline
2.594887422,0.106206809,foreign,Earnestine
1.980769231,0.147768961,foreign,Ebony
3.5,0.201375149,foreign,Eloisa
1.478135998,0.099710185,foreign,Emily
4,0.23827029,foreign,Esperanza
2.525237704,0.103118978,foreign,Essie
3.631388254,0.107133002,foreign,Eula
2.04,0.213115426,foreign,Fannie
3.04,0.213115426,foreign,India
2.4,0.213115426,foreign,Irma
2.107751788,0.097168432,foreign,Ivory
3.65,0.23827029,foreign,Jacinto
1.9375,0.266394283,foreign,Jacqueline
1.227272727,0.227181808,foreign,James
1.743649675,0.108152981,foreign,Janelle
1.56,0.213115426,foreign,Jennifer
2.086956522,0.222188191,foreign,Jermaine
1.673241348,0.096249433,foreign,Jolene
3.32,0.213115426,foreign,Jose
3.730769231,0.147768961,foreign,Juan
2.00156374,0.105821851,foreign,Karin
2.6,0.194546877,foreign,Karina
1.518518519,0.205070415,foreign,Kathryn
2.260869565,0.222188191,foreign,Keisha
1.533121947,0.104062009,foreign,Kelli
2.037037037,0.205070415,foreign,Kelvin
1.653234847,0.096299313,foreign,Kimberlee
1.446064817,0.095711894,foreign,Krystal
2.227272727,0.227181808,foreign,Lakisha
1.9,0.23827029,foreign,Latasha
1.818181818,0.227181808,foreign,Latisha
1.590909091,0.227181808,foreign,Latonya
1.95,0.23827029,foreign,Latoya
1.448020952,0.112577679,foreign,Laurie
1.522231762,0.100193671,foreign,Lillie
3.5625,0.266394283,foreign,Lino
1.333333333,0.251158938,foreign,Lisa
1.622677574,0.119727509,foreign,Mable
3.5625,0.266394283,foreign,Manuel
2.625,0.266394283,foreign,Maria
1.666666667,0.217510021,foreign,Mark
3.2,0.213115426,foreign,Marlo
1.24,0.213115426,foreign,Megan
1.235294118,0.258440416,foreign,Michael
4.076923077,0.208976869,foreign,Migdalia
1.580823586,0.109886521,foreign,Misty
1.505818115,0.111430334,foreign,Nikki
2.704881464,0.10771054,foreign,Octavia
3.094366345,0.106459398,foreign,Odessa
3.789473684,0.24446016,foreign,Rafael
2.592592593,0.205070415,foreign,Reginald
1.277777778,0.251158938,foreign,Robert
3.208333333,0.217510021,foreign,Roberto
1.590909091,0.227181808,foreign,Ronald
3.12,0.213115426,foreign,Rosa
1.894736842,0.24446016,foreign,Roxana
1.545067576,0.104645394,foreign,Roxie
1.380952381,0.232527993,foreign,Sammie
1.428571429,0.232527993,foreign,Sandra
1.476190476,0.232527993,foreign,Sean
1.454545455,0.227181808,foreign,Sharon
1.666666667,0.307605622,foreign,Susan
2.103448276,0.197872706,foreign,Sylvester
1.641703562,0.113684016,foreign,Tonya
1.466666667,0.275130832,foreign,Travis
1.619047619,0.232527993,foreign,Veronica
2.571428571,0.232527993,foreign,Victor
1.25,0.23827029,foreign,Willie
2.692041045,0.097321983,intelligent,Aisha
2.534561008,0.090668678,intelligent,Alfreda
2.9,0.223479254,intelligent,Alonzo
3.101952062,0.092875754,intelligent,Althea
3.555555556,0.333143202,intelligent,Amanda
2.262067379,0.095082221,intelligent,Angel
3.333333333,0.235567817,intelligent,Anna
2.842105263,0.229284876,intelligent,Antoine
2.75,0.188874442,intelligent,Antonio
2.787715698,0.096065032,intelligent,Ayanna
2.666666667,0.21809342,intelligent,Bertha
2.266848611,0.105428843,intelligent,Brandi
2.492832773,0.089868925,intelligent,Brandy
2.916666667,0.204007714,intelligent,Cale
2.857142857,0.21809342,intelligent,Cedric
2.684210526,0.229284876,intelligent,Cesar
3.214285714,0.188874442,intelligent,Charles
2.616158109,0.097430418,intelligent,Cori
3.804878049,0.156084681,intelligent,Cornell
2.449989283,0.097655558,intelligent,Crystal
2.32,0.199885921,intelligent,Earline
3.060637829,0.09649049,intelligent,Earnestine
2.566037736,0.137282214,intelligent,Ebony
2.578947368,0.229284876,intelligent,Eloisa
3.354217809,0.102062387,intelligent,Emily
2.944444444,0.235567817,intelligent,Esperanza
2.677155184,0.099296647,intelligent,Essie
2.455814034,0.108754056,intelligent,Eula
2.136363636,0.213079108,intelligent,Fannie
2.846153846,0.196004272,intelligent,India
2.777777778,0.235567817,intelligent,Irma
2.46941954,0.096324135,intelligent,Ivory
2.333333333,0.182470046,intelligent,Jacinto
3.473684211,0.229284876,intelligent,Jacqueline
3.071428571,0.267108798,intelligent,James
2.654448967,0.099850277,intelligent,Janelle
2.80952381,0.21809342,intelligent,Jennifer
2.647058824,0.242397284,intelligent,Jermaine
2.615650321,0.099241936,intelligent,Jolene
2.5,0.249857401,intelligent,Jose
2.307692308,0.13859595,intelligent,Juan
3.007121103,0.090920291,intelligent,Karin
3.12,0.199885921,intelligent,Karina
3,0.213079108,intelligent,Kathryn
2.823529412,0.242397284,intelligent,Keisha
2.758572186,0.096581936,intelligent,Kelli
2.6,0.199885921,intelligent,Kelvin
2.519005258,0.108051729,intelligent,Kimberlee
2.328496314,0.10184039,intelligent,Krystal
2.45,0.223479254,intelligent,Lakisha
2.380952381,0.21809342,intelligent,Latasha
2.538461538,0.196004272,intelligent,Latisha
2.421052632,0.229284876,intelligent,Latonya
2.4,0.223479254,intelligent,Latoya
3.123357935,0.109381604,intelligent,Laurie
2.941471828,0.099053627,intelligent,Lillie
2.125,0.249857401,intelligent,Lino
2.95,0.223479254,intelligent,Lisa
2.728878173,0.091511492,intelligent,Mable
2.727272727,0.213079108,intelligent,Manuel
3.384615385,0.196004272,intelligent,Maria
3.107142857,0.188874442,intelligent,Mark
2.4,0.258051614,intelligent,Marlo
2.47826087,0.208395479,intelligent,Megan
3.333333333,0.288510476,intelligent,Michael
2.793103448,0.185589419,intelligent,Migdalia
2.217500399,0.097524827,intelligent,Misty
2.551828239,0.092899913,intelligent,Nikki
3.082731589,0.106580528,intelligent,Octavia
2.916505828,0.106401496,intelligent,Odessa
3,0.223479254,intelligent,Rafael
3.125,0.204007714,intelligent,Reginald
3.4375,0.249857401,intelligent,Robert
2.923076923,0.277191899,intelligent,Roberto
2.95,0.223479254,intelligent,Ronald
3.277777778,0.235567817,intelligent,Rosa
2.24,0.199885921,intelligent,Roxana
2.242370784,0.089754553,intelligent,Roxie
2.375,0.249857401,intelligent,Sammie
3,0.301339364,intelligent,Sandra
2.894736842,0.229284876,intelligent,Sean
2.947368421,0.229284876,intelligent,Sharon
3.166666667,0.235567817,intelligent,Susan
3,0.21809342,intelligent,Sylvester
2.49549237,0.106922089,intelligent,Tonya
2.428571429,0.21809342,intelligent,Travis
2.962962963,0.192340317,intelligent,Veronica
3.541666667,0.204007714,intelligent,Victor
1.964285714,0.188874442,intelligent,Willie
2.616520211,0.108072351,honest,Aisha
2.784792733,0.100669716,honest,Alfreda
2.590909091,0.208795426,honest,Alonzo
2.935037488,0.096167862,honest,Althea
2.888888889,0.230832029,honest,Amanda
3.012830109,0.101086666,honest,Angel
3.727272727,0.295281324,honest,Anna
2.684210526,0.224675399,honest,Antoine
2.851851852,0.188473562,honest,Antonio
2.881734478,0.094032111,honest,Ayanna
2.642857143,0.261738919,honest,Bertha
2.543908744,0.099483172,honest,Brandi
2.619038987,0.089273636,honest,Brandy
2.68,0.195867472,honest,Cale
2.823529412,0.237524198,honest,Cedric
2.333333333,0.178801721,honest,Cesar
3.3,0.218986491,honest,Charles
2.733042714,0.105115328,honest,Cori
3.090909091,0.132053822,honest,Cornell
2.651446717,0.102987206,honest,Crystal
2.782608696,0.204205955,honest,Earline
3.192079806,0.105311147,honest,Earnestine
2.595238095,0.151115035,honest,Ebony
3,0.208795426,honest,Eloisa
3.443257919,0.102003821,honest,Emily
2.941176471,0.237524198,honest,Esperanza
2.965357797,0.095056691,honest,Essie
2.822900884,0.103473815,honest,Eula
2.777777778,0.230832029,honest,Fannie
2.653846154,0.192063858,honest,India
2.692307692,0.192063858,honest,Irma
2.842479528,0.096966217,honest,Ivory
2.826086957,0.204205955,honest,Jacinto
3.066666667,0.252863819,honest,Jacqueline
2.846153846,0.271619312,honest,James
2.846348439,0.093446241,honest,Janelle
3.133333333,0.252863819,honest,Jennifer
2.769230769,0.192063858,honest,Jermaine
2.892126492,0.092354623,honest,Jolene
3.04,0.195867472,honest,Jose
2.911111111,0.145990994,honest,Juan
3.029710699,0.094877451,honest,Karin
2.611111111,0.230832029,honest,Karina
3.625,0.199906401,honest,Kathryn
2.793103448,0.181858382,honest,Keisha
2.893080522,0.093727017,honest,Kelli
2.76,0.195867472,honest,Kelvin
2.761925029,0.092725957,honest,Kimberlee
2.45319007,0.098871967,honest,Krystal
2.777777778,0.230832029,honest,Lakisha
2.25,0.218986491,honest,Latasha
2.818181818,0.208795426,honest,Latisha
2.444444444,0.188473562,honest,Latonya
2.909090909,0.208795426,honest,Latoya
3.277271242,0.090471653,honest,Laurie
3.282309963,0.094592516,honest,Lillie
2.052631579,0.224675399,honest,Lino
3.294117647,0.237524198,honest,Lisa
3.338714084,0.091653923,honest,Mable
3,0.237524198,honest,Manuel
3.476190476,0.213708932,honest,Maria
3.470588235,0.237524198,honest,Mark
3.043478261,0.204205955,honest,Marlo
3.15,0.218986491,honest,Megan
3.368421053,0.224675399,honest,Michael
2.25,0.218986491,honest,Migdalia
2.427232671,0.095484946,honest,Misty
2.481297756,0.101805285,honest,Nikki
2.707475251,0.094391303,honest,Octavia
2.886371983,0.092069051,honest,Odessa
2.722222222,0.230832029,honest,Rafael
2.806451613,0.175894182,honest,Reginald
2.904761905,0.213708932,honest,Robert
2.774193548,0.175894182,honest,Roberto
2.5,0.199906401,honest,Ronald
3.263157895,0.224675399,honest,Rosa
2.36,0.195867472,honest,Roxana
2.338167826,0.101239301,honest,Roxie
2.714285714,0.213708932,honest,Sammie
2.875,0.24483434,honest,Sandra
3.045454545,0.208795426,honest,Sean
2.961538462,0.192063858,honest,Sharon
3.346153846,0.192063858,honest,Susan
2.6,0.218986491,honest,Sylvester
2.429165508,0.093121911,honest,Tonya
2.933333333,0.252863819,honest,Travis
2.347826087,0.204205955,honest,Veronica
2.9,0.218986491,honest,Victor
2.782608696,0.204205955,honest,Willie
3.823529412,0.242953533,hardworking,Maria
3.733333333,0.268629731,professional,Charles
3.666666667,0.333907693,hardworking,Jacinto
3.666666667,0.192781697,hardworking,Rosa
3.666666667,0.216447647,competent,James
3.652173913,0.216938079,professional,Victor
3.65,0.232640172,professional,Mark
3.590909091,0.156845972,professional,Cornell
3.588235294,0.252333695,professional,Kathryn
3.583333333,0.202468234,competent,Sandra
3.56,0.200344616,hardworking,Roberto
3.545454545,0.213568078,hardworking,James
3.545454545,0.211471174,competent,Charles
3.52,0.208079695,professional,Jennifer
3.476190476,0.216447647,competent,Michael
3.473684211,0.227554651,competent,Kathryn
3.468194082,0.097233401,hardworking,Earnestine
3.464785519,0.094354011,competent,Emily
3.461538462,0.288554619,professional,Sandra
3.454545455,0.213568078,hardworking,Manuel
3.448275862,0.184188927,competent,Reginald
3.448275862,0.184188927,competent,Sharon
3.444444444,0.233790179,competent,Robert
3.4375,0.25043077,hardworking,Jose
3.434782609,0.216938079,professional,James
3.409090909,0.2218137,professional,Robert
3.409090909,0.211471174,competent,Lisa
3.377777778,0.14932806,hardworking,Juan
3.375,0.247971932,competent,Amanda
3.375,0.202468234,competent,Mark
3.372636939,0.101964185,competent,Janelle
3.37037037,0.20022478,professional,Reginald
3.36644137,0.100009886,professional,Emily
3.363636364,0.2218137,professional,Lisa
3.355077715,0.094116936,competent,Laurie
3.347826087,0.216938079,professional,Michael
3.333333333,0.218593897,hardworking,Irma
3.333333333,0.236108394,hardworking,Susan
3.321428571,0.189307868,hardworking,Anna
3.307692308,0.196454059,hardworking,Michael
3.307692308,0.204038928,professional,Anna
3.304347826,0.208873701,hardworking,Esperanza
3.291666667,0.202468234,competent,Anna
3.290322581,0.179914776,hardworking,Antonio
3.285714286,0.265093146,competent,Susan
3.277777778,0.236108394,hardworking,Robert
3.269704192,0.107061351,professional,Laurie
3.266666667,0.128052155,competent,Cornell
3.259259259,0.192781697,hardworking,Victor
3.25,0.354162591,hardworking,Sandra
3.240389195,0.097355113,hardworking,Mable
3.238095238,0.218593897,hardworking,Alonzo
3.238095238,0.218593897,hardworking,Bertha
3.235294118,0.252333695,professional,Jacqueline
3.230769231,0.196454059,hardworking,Cesar
3.217391304,0.208873701,hardworking,Jennifer
3.208333333,0.202468234,competent,Cedric
3.206896552,0.193197147,professional,Sharon
3.19047619,0.218593897,hardworking,Sylvester
3.178571429,0.196616831,professional,Ronald
3.177777778,0.14932806,hardworking,Cornell
3.166666667,0.286333323,competent,Jacqueline
3.166666667,0.181093094,competent,Jennifer
3.16251314,0.102396364,hardworking,Emily
3.148148148,0.192781697,hardworking,Mark
3.142857143,0.22703356,professional,Sean
3.136363636,0.213568078,hardworking,Rafael
3.125,0.21237045,professional,Megan
3.125,0.202468234,competent,Maria
3.117647059,0.252333695,professional,Eloisa
3.113808035,0.10055193,competent,Octavia
3.111111111,0.192781697,hardworking,Sharon
3.111111111,0.236108394,hardworking,Willie
3.111111111,0.233790179,competent,Jermaine
3.1,0.232640172,professional,Kelvin
3.086956522,0.206822888,competent,Antonio
3.08,0.200344616,hardworking,Kathryn
3.08,0.198377545,competent,Rafael
3.075989085,0.099191758,competent,Karin
3.068425828,0.097488311,professional,Karin
3.066666667,0.268629731,professional,Veronica
3.052631579,0.227554651,competent,Roberto
3.05,0.232640172,professional,Jose
3.05,0.232640172,professional,Susan
3.043478261,0.216938079,professional,Amanda
3.041666667,0.202468234,competent,Jose
3.035714286,0.189307868,hardworking,Amanda
3.035714286,0.189307868,hardworking,India
3.001600082,0.104839003,professional,Octavia
3,0.213568078,hardworking,Travis
3,0.216938079,professional,Antonio
3,0.233790179,competent,Antoine
3,0.227554651,competent,Esperanza
3,0.25610431,competent,Jacinto
3,0.265093146,competent,Karina
3,0.227554651,competent,Rosa
3,0.247971932,competent,Travis
2.996194184,0.10380087,competent,Althea
2.966666667,0.181093094,competent,Ronald
2.954545455,0.211471174,competent,Eloisa
2.947368421,0.23868378,professional,Maria
2.942230672,0.098983285,hardworking,Laurie
2.941176471,0.24056811,competent,Victor
2.934633541,0.097948807,competent,Mable
2.926510588,0.093958397,competent,Odessa
2.923076923,0.194525187,competent,Cesar
2.916666667,0.204475868,hardworking,Latisha
2.910887894,0.092100679,hardworking,Essie
2.909090909,0.213568078,hardworking,Charles
2.888888889,0.245224273,professional,Rafael
2.882352941,0.24056811,competent,India
2.877701549,0.109114161,hardworking,Octavia
2.875,0.25043077,hardworking,Antoine
2.871709569,0.10124537,competent,Earnestine
2.870333962,0.092872722,hardworking,Karin
2.869565217,0.216938079,professional,Cesar
2.866575557,0.098681431,hardworking,Jolene
2.863636364,0.213568078,hardworking,Jacqueline
2.863008037,0.095679063,competent,Jolene
2.860184377,0.093510657,hardworking,Odessa
2.857142857,0.218593897,hardworking,Lisa
2.857142857,0.22703356,professional,Irma
2.838871999,0.094704129,competent,Kelli
2.826086957,0.208873701,hardworking,Karina
2.825294347,0.092932483,competent,Ayanna
2.825232492,0.099827385,competent,Lillie
2.823529412,0.242953533,hardworking,Marlo
2.818181818,0.211471174,competent,Sean
2.814358378,0.102138363,professional,Earnestine
2.810806687,0.094596723,competent,Aisha
2.810193889,0.095649607,hardworking,Alfreda
2.805194805,0.113036097,competent,Juan
2.8,0.22399209,hardworking,Veronica
2.786317753,0.090692762,hardworking,Kelli
2.785714286,0.187449161,competent,Manuel
2.777999737,0.101495537,hardworking,Janelle
2.77792806,0.098547393,hardworking,Althea
2.777777778,0.245224273,professional,Travis
2.761904762,0.218593897,hardworking,Sean
2.75,0.25043077,hardworking,Eloisa
2.75,0.196616831,professional,Jermaine
2.742962222,0.108119817,professional,Janelle
2.739130435,0.208873701,hardworking,Ronald
2.739130435,0.216938079,professional,Karina
2.728399565,0.10614045,hardworking,Lillie
2.726531078,0.098788599,competent,Alfreda
2.723636344,0.095388629,hardworking,Tonya
2.72,0.198377545,competent,Sammie
2.714285714,0.216447647,competent,Kelvin
2.705882353,0.252333695,professional,Cedric
2.705292279,0.100965685,hardworking,Eula
2.702029092,0.093208424,competent,Ivory
2.695652174,0.208873701,hardworking,Earline
2.695652174,0.208873701,hardworking,Jermaine
2.695652174,0.216938079,professional,Alonzo
2.693346693,0.098664515,competent,Cori
2.691310286,0.099080883,hardworking,Ayanna
2.68609972,0.097712659,professional,Althea
2.683017439,0.099310251,hardworking,Aisha
2.681818182,0.213568078,hardworking,Migdalia
2.681818182,0.2218137,professional,Roxana
2.68,0.200344616,hardworking,Latonya
2.673469388,0.143103297,hardworking,Ebony
2.667383057,0.093406655,hardworking,Angel
2.666666667,0.258643787,hardworking,Cedric
2.666666667,0.236108394,hardworking,Reginald
2.666666667,0.245224273,professional,Sylvester
2.661212173,0.097340397,professional,Jolene
2.65931504,0.105550239,hardworking,Cori
2.657027201,0.094821575,competent,Essie
2.648523644,0.094077902,competent,Eula
2.646222044,0.097729126,competent,Brandy
2.643722864,0.096106126,hardworking,Brandi
2.642857143,0.187449161,competent,Alonzo
2.636363636,0.2218137,professional,India
2.629506388,0.095117463,competent,Angel
2.615384615,0.275100158,competent,Irma
2.608695652,0.208873701,hardworking,Lino
2.6,0.22399209,hardworking,Cale
2.6,0.200344616,hardworking,Latasha
2.6,0.232640172,professional,Roberto
2.593246139,0.094748871,competent,Tonya
2.591646082,0.11225241,professional,Aisha
2.59008821,0.097956172,competent,Kimberlee
2.576923077,0.194525187,competent,Migdalia
2.571428571,0.22703356,professional,Antoine
2.571428571,0.216447647,competent,Lakisha
2.541666667,0.202468234,competent,Latonya
2.541465196,0.106688939,professional,Odessa
2.538461538,0.275100158,competent,Veronica
2.523382801,0.0946076,professional,Ayanna
2.52173913,0.216938079,professional,Latisha
2.516845181,0.099880627,professional,Lillie
2.510086431,0.093568291,hardworking,Nikki
2.50237861,0.092820461,professional,Kelli
2.5,0.194525187,competent,Cale
2.5,0.233790179,competent,Latoya
2.5,0.265093146,competent,Megan
2.5,0.233790179,competent,Roxana
2.5,0.202468234,competent,Sylvester
2.488215849,0.101161294,competent,Crystal
2.485979251,0.102002233,hardworking,Kimberlee
2.48,0.200344616,hardworking,Kelvin
2.476597386,0.09814786,hardworking,Krystal
2.473684211,0.227554651,competent,Bertha
2.472727273,0.133746114,competent,Ebony
2.471266016,0.10520021,hardworking,Ivory
2.469476431,0.094731208,professional,Tonya
2.468794787,0.097384066,hardworking,Brandy
2.466666667,0.182888776,hardworking,Fannie
2.458333333,0.21237045,professional,Esperanza
2.458333333,0.21237045,professional,Lakisha
2.457277198,0.105491686,competent,Nikki
2.454545455,0.2218137,professional,Marlo
2.448352688,0.092216365,hardworking,Roxie
2.444444444,0.236108394,hardworking,Megan
2.4375,0.175342634,competent,Marlo
2.434782609,0.208873701,hardworking,Latoya
2.428571429,0.278058189,professional,Keisha
2.428571429,0.22703356,professional,Manuel
2.427068943,0.110279116,competent,Krystal
2.416666667,0.21237045,professional,Earline
2.41025641,0.166597087,professional,Juan
2.404445335,0.09976999,hardworking,Misty
2.374595133,0.095002095,competent,Roxie
2.368421053,0.23868378,professional,Rosa
2.366140011,0.098571384,competent,Brandi
2.362125421,0.09368668,professional,Alfreda
2.355770037,0.1098417,professional,Crystal
2.35,0.221792838,competent,Keisha
2.344827586,0.193197147,professional,Latasha
2.33674584,0.097419848,competent,Misty
2.333333333,0.233790179,competent,Fannie
2.332763303,0.100589552,hardworking,Crystal
2.318181818,0.2218137,professional,Cale
2.315789474,0.23868378,professional,Latoya
2.315735242,0.10527699,professional,Kimberlee
2.298347155,0.107772053,professional,Cori
2.294117647,0.24056811,competent,Latasha
2.273876277,0.111914294,professional,Mable
2.272727273,0.211471174,competent,Latisha
2.265657771,0.111857975,professional,Krystal
2.263157895,0.229811036,hardworking,Roxana
2.258625823,0.108373497,professional,Brandy
2.251120956,0.103496712,professional,Ivory
2.25,0.221792838,competent,Earline
2.24,0.208079695,professional,Sammie
2.24,0.198377545,competent,Lino
2.210526316,0.229811036,hardworking,Keisha
2.201062498,0.101903517,professional,Eula
2.181818182,0.140287302,professional,Ebony
2.142857143,0.22703356,professional,Latonya
2.13981603,0.102910031,professional,Nikki
2.12,0.198377545,competent,Willie
2.117647059,0.252333695,professional,Jacinto
2.077502571,0.091727316,professional,Essie
2.014068671,0.102114974,professional,Angel
2,0.289172545,hardworking,Sammie
2,0.196616831,professional,Bertha
1.961820169,0.101798149,professional,Brandi
1.928571429,0.267721754,hardworking,Lakisha
1.924945444,0.100405381,professional,Misty
1.888888889,0.245224273,professional,Migdalia
1.875,0.260099619,professional,Lino
1.821428571,0.196616831,professional,Willie
1.745969017,0.102110492,professional,Roxie
1.444444444,0.245224273,professional,Fannie
2.784169708,0.091370662,compassionate,Aisha
2.743767389,0.094500839,compassionate,Alfreda
2.904761905,0.221065344,compassionate,Alonzo
2.847585663,0.100480576,compassionate,Althea
2.782608696,0.211235251,compassionate,Amanda
3.545605272,0.110112309,compassionate,Angel
3.068965517,0.188118416,compassionate,Anna
2.608695652,0.211235251,compassionate,Antoine
2.875,0.253262169,compassionate,Antonio
2.906852123,0.09879898,compassionate,Ayanna
2.409090909,0.215982703,compassionate,Bertha
2.712390755,0.103259153,compassionate,Brandi
2.733616334,0.103941035,compassionate,Brandy
2.153846154,0.198675191,compassionate,Cale
2.461538462,0.198675191,compassionate,Cedric
2.157894737,0.232409305,compassionate,Cesar
2.64,0.202609735,compassionate,Charles
2.571389857,0.103524825,compassionate,Cori
2.520833333,0.146220981,compassionate,Cornell
2.655327533,0.101074831,compassionate,Crystal
2.315789474,0.232409305,compassionate,Earline
2.987896791,0.097107132,compassionate,Earnestine
2.697674419,0.154488475,compassionate,Ebony
3.058823529,0.245700393,compassionate,Eloisa
3.563646196,0.09916527,compassionate,Emily
2.85,0.22652457,compassionate,Esperanza
2.938871854,0.09101018,compassionate,Essie
2.601143531,0.097497986,compassionate,Eula
2.695652174,0.211235251,compassionate,Fannie
2.875,0.206787695,compassionate,India
2.952380952,0.221065344,compassionate,Irma
2.987865106,0.104550867,compassionate,Ivory
2.4,0.261568043,compassionate,Jacinto
3.166666667,0.206787695,compassionate,Jacqueline
2.736842105,0.232409305,compassionate,James
2.890397383,0.098816833,compassionate,Janelle
3.038461538,0.198675191,compassionate,Jennifer
2.625,0.253262169,compassionate,Jermaine
2.830693601,0.100967018,compassionate,Jolene
2.692307692,0.198675191,compassionate,Jose
2.672413793,0.133019808,compassionate,Juan
2.895979905,0.098566971,compassionate,Karin
3.117647059,0.245700393,compassionate,Karina
2.65,0.22652457,compassionate,Kathryn
2.724137931,0.188118416,compassionate,Keisha
2.823978944,0.098709014,compassionate,Kelli
2.333333333,0.194961308,compassionate,Kelvin
2.816145886,0.103570916,compassionate,Kimberlee
2.622809251,0.099384513,compassionate,Krystal
2.1,0.22652457,compassionate,Lakisha
2.363636364,0.215982703,compassionate,Latasha
2.6,0.22652457,compassionate,Latisha
2.333333333,0.206787695,compassionate,Latonya
2.903225806,0.181948913,compassionate,Latoya
3.284780607,0.100987086,compassionate,Laurie
3.638634009,0.093850438,compassionate,Lillie
2.458333333,0.206787695,compassionate,Lino
3.416666667,0.206787695,compassionate,Lisa
3.083870216,0.097835869,compassionate,Mable
3.083333333,0.292441962,compassionate,Manuel
3.242424242,0.176349139,compassionate,Maria
2.352941176,0.245700393,compassionate,Mark
3,0.232409305,compassionate,Marlo
3.230769231,0.280969149,compassionate,Megan
3.235294118,0.245700393,compassionate,Michael
2.6,0.22652457,compassionate,Migdalia
2.746505235,0.098746738,compassionate,Misty
2.624311374,0.10797735,compassionate,Nikki
2.614972268,0.095936952,compassionate,Octavia
2.859679578,0.100211331,compassionate,Odessa
2.722222222,0.238777862,compassionate,Rafael
2.333333333,0.221065344,compassionate,Reginald
2.653846154,0.198675191,compassionate,Robert
2.92,0.202609735,compassionate,Roberto
2.481481481,0.194961308,compassionate,Ronald
3.454545455,0.176349139,compassionate,Rosa
2.666666667,0.221065344,compassionate,Roxana
2.44222496,0.098177171,compassionate,Roxie
2.857142857,0.221065344,compassionate,Sammie
2.882352941,0.245700393,compassionate,Sandra
2.625,0.253262169,compassionate,Sean
2.892857143,0.191448204,compassionate,Sharon
3,0.215982703,compassionate,Susan
2.296296296,0.194961308,compassionate,Sylvester
2.525684172,0.108654546,compassionate,Tonya
2.210526316,0.232409305,compassionate,Travis
2.894736842,0.232409305,compassionate,Veronica
2.476190476,0.221065344,compassionate,Victor
2.8,0.202609735,compassionate,Willie
3.046113536,0.102940671,likable,Aisha
2.526422203,0.1147948,likable,Alfreda
3.176470588,0.252717717,likable,Alonzo
2.825012298,0.099781126,likable,Althea
3.421052632,0.239047029,likable,Amanda
3.266184529,0.100024966,likable,Angel
3.62962963,0.200529499,likable,Anna
2.862068966,0.19349117,likable,Antoine
3.352941176,0.252717717,likable,Antonio
3.083279011,0.101109036,likable,Ayanna
1.84,0.208396368,likable,Bertha
2.831671037,0.101971987,likable,Brandi
2.927642775,0.098516766,likable,Brandy
2.652173913,0.217268233,likable,Cale
2.833333333,0.245597475,likable,Cedric
2.62962963,0.200529499,likable,Cesar
3.315789474,0.239047029,likable,Charles
3.075436441,0.114109051,likable,Cori
2.489361702,0.151988672,likable,Cornell
2.721619584,0.097469246,likable,Crystal
2.526315789,0.239047029,likable,Earline
2.542353922,0.110628371,likable,Earnestine
2.69047619,0.160781289,likable,Ebony
2.85,0.232994223,likable,Eloisa
3.626144709,0.097618398,likable,Emily
2.774193548,0.187145463,likable,Esperanza
2.95831014,0.099363402,likable,Essie
2.53169302,0.103156182,likable,Eula
3.074074074,0.200529499,likable,Fannie
2.8,0.208396368,likable,India
2.409090909,0.222151275,likable,Irma
2.807616558,0.111231333,likable,Ivory
2.541666667,0.212693653,likable,Jacinto
3.086956522,0.217268233,likable,Jacqueline
3.454545455,0.314169346,likable,James
3.115057634,0.098281477,likable,Janelle
3.730769231,0.204349452,likable,Jennifer
2.769230769,0.204349452,likable,Jermaine
3.018556234,0.110041497,likable,Jolene
2.958333333,0.212693653,likable,Jose
3.127659574,0.151988672,likable,Juan
2.750717065,0.101610826,likable,Karin
3.052631579,0.239047029,likable,Karina
3.434782609,0.217268233,likable,Kathryn
2.842105263,0.239047029,likable,Keisha
3.220923368,0.097791106,likable,Kelli
2.695652174,0.217268233,likable,Kelvin
2.917638474,0.104124936,likable,Kimberlee
3.008204987,0.114974664,likable,Krystal
2.461538462,0.288993766,likable,Lakisha
2.72,0.208396368,likable,Latasha
2.692307692,0.204349452,likable,Latisha
2.6,0.208396368,likable,Latonya
2.944444444,0.245597475,likable,Latoya
3.357760535,0.099666119,likable,Laurie
3.6895714,0.106684711,likable,Lillie
2.740740741,0.200529499,likable,Lino
3.769230769,0.288993766,likable,Lisa
3.177948424,0.112333137,likable,Mable
3.423076923,0.204349452,likable,Manuel
3.75,0.17366364,likable,Maria
3.08,0.208396368,likable,Mark
3.086956522,0.217268233,likable,Marlo
3.6,0.269038555,likable,Megan
3.161290323,0.187145463,likable,Michael
2.142857143,0.227379079,likable,Migdalia
2.911017178,0.101922002,likable,Misty
3.386967131,0.112135259,likable,Nikki
2.817296035,0.102933287,likable,Octavia
2.844375239,0.10616712,likable,Odessa
3.4375,0.26049546,likable,Rafael
1.928571429,0.278481361,likable,Reginald
3.470588235,0.252717717,likable,Robert
3.238095238,0.227379079,likable,Roberto
2.6,0.232994223,likable,Ronald
3.653846154,0.204349452,likable,Rosa
2.692307692,0.204349452,likable,Roxana
2.981269941,0.109324964,likable,Roxie
3.578947368,0.239047029,likable,Sammie
3.285714286,0.227379079,likable,Sandra
3.222222222,0.245597475,likable,Sean
2.866666667,0.269038555,likable,Sharon
3.6,0.232994223,likable,Susan
2.833333333,0.212693653,likable,Sylvester
2.692018904,0.106398259,likable,Tonya
2.956521739,0.217268233,likable,Travis
3.035714286,0.196916059,likable,Veronica
3.037037037,0.200529499,likable,Victor
3.24,0.208396368,likable,Willie
2.835720361,0.10858727,warm,Aisha
2.822016678,0.097736537,warm,Alfreda
2.866666667,0.268625402,warm,Alonzo
3.038168269,0.111104898,warm,Althea
3.461538462,0.204035639,warm,Amanda
3.243263461,0.103400241,warm,Angel
3.481481481,0.200221553,warm,Anna
2.653846154,0.204035639,warm,Antoine
3.12,0.208076341,warm,Antonio
2.837830374,0.097590372,warm,Ayanna
2.448275862,0.193194033,warm,Bertha
2.816205389,0.103870055,warm,Brandi
2.869287929,0.101277573,warm,Brandy
2.25,0.212367027,warm,Cale
2.705882353,0.252329628,warm,Cedric
2.894736842,0.238679933,warm,Cesar
2.785714286,0.196613662,warm,Charles
2.935117518,0.107482781,warm,Cori
2.227272727,0.156843444,warm,Cornell
2.665226848,0.096269525,warm,Crystal
2.689655172,0.193194033,warm,Earline
2.601075115,0.106380835,warm,Earnestine
2.79245283,0.142907418,warm,Ebony
2.807692308,0.204035639,warm,Eloisa
3.621879299,0.102260054,warm,Emily
3.583333333,0.212367027,warm,Esperanza
3.100200453,0.102607935,warm,Essie
2.68337025,0.10165098,warm,Eula
2.727272727,0.221810125,warm,Fannie
3.235294118,0.252329628,warm,India
3.117647059,0.252329628,warm,Irma
3.016936926,0.103498093,warm,Ivory
2.1,0.232636422,warm,Jacinto
2.869565217,0.216934582,warm,Jacqueline
2.869565217,0.216934582,warm,James
2.977695592,0.106894531,warm,Janelle
3.590909091,0.221810125,warm,Jennifer
2.769230769,0.204035639,warm,Jermaine
3.021424752,0.104316331,warm,Jolene
2.541666667,0.212367027,warm,Jose
2.672413793,0.136608811,warm,Juan
3.124926566,0.106993953,warm,Karin
2.695652174,0.216934582,warm,Karina
2.8,0.268625402,warm,Kathryn
2.3,0.232636422,warm,Keisha
3.244879178,0.10315769,warm,Kelli
2.653846154,0.204035639,warm,Kelvin
3.058852269,0.105418113,warm,Kimberlee
2.650620115,0.100342431,warm,Krystal
3.105263158,0.238679933,warm,Lakisha
2.214285714,0.278053707,warm,Latasha
2.384615385,0.204035639,warm,Latisha
2.814814815,0.200221553,warm,Latonya
2.611111111,0.24522032,warm,Latoya
3.149849273,0.10480373,warm,Laurie
3.644724929,0.107186651,warm,Lillie
2.5,0.212367027,warm,Lino
2.8,0.268625402,warm,Lisa
3.578341092,0.112392439,warm,Mable
2.952380952,0.227029901,warm,Manuel
3.642857143,0.196613662,warm,Maria
2.857142857,0.227029901,warm,Mark
2.7,0.232636422,warm,Marlo
3.55,0.232636422,warm,Megan
2.882352941,0.252329628,warm,Michael
2.789473684,0.238679933,warm,Migdalia
2.844849096,0.095194783,warm,Misty
2.848249534,0.103374814,warm,Nikki
2.570018768,0.103792417,warm,Octavia
2.677231744,0.118706216,warm,Odessa
2.947368421,0.238679933,warm,Rafael
2.105263158,0.238679933,warm,Reginald
2.842105263,0.238679933,warm,Robert
2.952380952,0.227029901,warm,Roberto
2.444444444,0.24522032,warm,Ronald
3.653846154,0.204035639,warm,Rosa
2.818181818,0.313686887,warm,Roxana
2.582090108,0.109450745,warm,Roxie
3.238095238,0.227029901,warm,Sammie
3.375,0.212367027,warm,Sandra
2.461538462,0.204035639,warm,Sean
2.961538462,0.204035639,warm,Sharon
3,0.346793902,warm,Susan
2.047619048,0.227029901,warm,Sylvester
2.602986165,0.101522432,warm,Tonya
2.95,0.232636422,warm,Travis
2.692307692,0.204035639,warm,Veronica
2.166666667,0.24522032,warm,Victor
3.1,0.232636422,warm,Willie
3.097227885,0.116061847,strong,Aisha
2.937553405,0.107271085,strong,Alfreda
3.111111111,0.209659162,strong,Alonzo
3.20049597,0.100996074,strong,Althea
2.8,0.281287284,strong,Amanda
2.60235591,0.104543016,strong,Angel
3.210526316,0.24993031,strong,Anna
3.578947368,0.24993031,strong,Antoine
3.142857143,0.237731145,strong,Antonio
2.825585998,0.10361506,strong,Ayanna
3.344827586,0.202300395,strong,Bertha
2.477872865,0.110916823,strong,Brandi
2.808339209,0.103892119,strong,Brandy
2.590909091,0.23226533,strong,Cale
3.1875,0.272355241,strong,Cedric
3.789473684,0.24993031,strong,Cesar
3.272727273,0.23226533,strong,Charles
2.62236767,0.101140561,strong,Cori
2.843137255,0.152549448,strong,Cornell
2.596031001,0.101260097,strong,Crystal
2.444444444,0.256778984,strong,Earline
2.933419399,0.108805524,strong,Earnestine
3.296875,0.136177621,strong,Ebony
2.75,0.243601933,strong,Eloisa
2.809626298,0.107580783,strong,Emily
2.928571429,0.29116,strong,Esperanza
2.28850082,0.09804809,strong,Essie
2.621791898,0.110635757,strong,Eula
2.4,0.281287284,strong,Fannie
3.038461538,0.213653029,strong,India
2.862068966,0.202300395,strong,Irma
2.830617161,0.099583466,strong,Ivory
2.583333333,0.222377123,strong,Jacinto
2.961538462,0.213653029,strong,Jacqueline
3.65,0.243601933,strong,James
2.720115866,0.11306728,strong,Janelle
2.769230769,0.213653029,strong,Jennifer
3.210526316,0.24993031,strong,Jermaine
2.963834942,0.108355642,strong,Jolene
3.142857143,0.29116,strong,Jose
3.081632653,0.155631566,strong,Juan
2.901961326,0.109803942,strong,Karin
3.172413793,0.202300395,strong,Karina
2.9375,0.272355241,strong,Kathryn
3.210526316,0.24993031,strong,Keisha
2.545251106,0.101496171,strong,Kelli
3.0625,0.272355241,strong,Kelvin
2.421718013,0.104600785,strong,Kimberlee
2.570880905,0.10078429,strong,Krystal
2.75,0.272355241,strong,Lakisha
2.888888889,0.256778984,strong,Latasha
3,0.237731145,strong,Latisha
2.941176471,0.264223395,strong,Latonya
3.115384615,0.213653029,strong,Latoya
2.545170988,0.103739747,strong,Laurie
2.268787978,0.103062046,strong,Lillie
2.409090909,0.23226533,strong,Lino
3.12,0.217884193,strong,Lisa
2.933890223,0.105822812,strong,Mable
2.85,0.243601933,strong,Manuel
3.333333333,0.237731145,strong,Maria
3.052631579,0.24993031,strong,Mark
2.96,0.217884193,strong,Marlo
2.625,0.272355241,strong,Megan
3.1875,0.272355241,strong,Michael
2.769230769,0.213653029,strong,Migdalia
2.129664416,0.106133889,strong,Misty
2.493646383,0.113002082,strong,Nikki
3.654199667,0.117337682,strong,Octavia
3.323612327,0.110175047,strong,Odessa
3.045454545,0.23226533,strong,Rafael
2.962962963,0.209659162,strong,Reginald
3.32,0.217884193,strong,Robert
3.0625,0.272355241,strong,Roberto
2.821428571,0.20588121,strong,Ronald
2.941176471,0.264223395,strong,Rosa
3,0.24993031,strong,Roxana
3.215143251,0.109831614,strong,Roxie
2.3,0.243601933,strong,Sammie
2.9,0.243601933,strong,Sandra
2.722222222,0.256778984,strong,Sean
2.730769231,0.213653029,strong,Sharon
2.92,0.217884193,strong,Susan
2.916666667,0.314488744,strong,Sylvester
3.070560609,0.111319156,strong,Tonya
3,0.24993031,strong,Travis
2.631578947,0.24993031,strong,Veronica
3.466666667,0.198900146,strong,Victor
2.318181818,0.23226533,strong,Willie
2.418965229,0.111344059,aggressive,Aisha
2.252690651,0.10688426,aggressive,Alfreda
2.285714286,0.211194554,aggressive,Alonzo
2.330894894,0.111587914,aggressive,Althea
1.466666667,0.288546693,aggressive,Amanda
1.7063771,0.115172032,aggressive,Angel
1.411764706,0.271042423,aggressive,Anna
1.894736842,0.256380465,aggressive,Antoine
2.296296296,0.215070007,aggressive,Antonio
2.380514849,0.111632711,aggressive,Ayanna
2.518518519,0.215070007,aggressive,Bertha
2.448448153,0.118000036,aggressive,Brandi
2.360872889,0.110588263,aggressive,Brandy
2.24137931,0.207521325,aggressive,Cale
2.111111111,0.263405888,aggressive,Cedric
2.307692308,0.219166947,aggressive,Cesar
2,0.22811619,aggressive,Charles
1.918527911,0.113625519,aggressive,Cori
2.069767442,0.170422724,aggressive,Cornell
2.044699875,0.112271567,aggressive,Crystal
1.736842105,0.256380465,aggressive,Earline
1.947873124,0.104768288,aggressive,Earnestine
2,0.166592511,aggressive,Ebony
1.8,0.249888766,aggressive,Eloisa
1.656889179,0.113628931,aggressive,Emily
2.458333333,0.22811619,aggressive,Esperanza
1.74648176,0.103883365,aggressive,Essie
1.880977648,0.103300826,aggressive,Eula
1.473684211,0.256380465,aggressive,Fannie
1.928571429,0.298674203,aggressive,India
1.92,0.223507307,aggressive,Irma
1.812083847,0.109851543,aggressive,Ivory
2.171428571,0.188898152,aggressive,Jacinto
1.923076923,0.219166947,aggressive,Jacqueline
2.066666667,0.288546693,aggressive,James
2.118694983,0.10988993,aggressive,Janelle
2.296296296,0.215070007,aggressive,Jennifer
2.4,0.223507307,aggressive,Jermaine
2.105186222,0.11746582,aggressive,Jolene
1.952380952,0.243866465,aggressive,Jose
2.184210526,0.181288365,aggressive,Juan
2.321850698,0.114778403,aggressive,Karin
1.80952381,0.243866465,aggressive,Karina
2.25,0.211194554,aggressive,Kathryn
2.117647059,0.271042423,aggressive,Keisha
2.039394998,0.124980814,aggressive,Kelli
1.789473684,0.256380465,aggressive,Kelvin
1.967062693,0.111019008,aggressive,Kimberlee
2.238165095,0.118457742,aggressive,Krystal
2.368421053,0.256380465,aggressive,Lakisha
2.7,0.249888766,aggressive,Latasha
2.666666667,0.194538141,aggressive,Latisha
2.714285714,0.243866465,aggressive,Latonya
2.571428571,0.298674203,aggressive,Latoya
1.662999682,0.11558264,aggressive,Laurie
1.329121256,0.10934847,aggressive,Lillie
2.285714286,0.243866465,aggressive,Lino
2.052631579,0.256380465,aggressive,Lisa
1.615837115,0.115113779,aggressive,Mable
1.578947368,0.256380465,aggressive,Manuel
1.636363636,0.23825959,aggressive,Maria
2.086956522,0.233022476,aggressive,Mark
1.952380952,0.243866465,aggressive,Marlo
1.590909091,0.23825959,aggressive,Megan
2.047619048,0.243866465,aggressive,Michael
1.952380952,0.243866465,aggressive,Migdalia
2.177785664,0.117842904,aggressive,Misty
2.451147974,0.106637099,aggressive,Nikki
2.531755859,0.109779639,aggressive,Octavia
2.363022862,0.112273263,aggressive,Odessa
2.277777778,0.263405888,aggressive,Rafael
2.588235294,0.271042423,aggressive,Reginald
2.35483871,0.200715487,aggressive,Robert
2.44,0.223507307,aggressive,Roberto
2.583333333,0.22811619,aggressive,Ronald
1.777777778,0.263405888,aggressive,Rosa
2.380952381,0.243866465,aggressive,Roxana
2.80778442,0.115178311,aggressive,Roxie
1.684210526,0.256380465,aggressive,Sammie
1.714285714,0.298674203,aggressive,Sandra
2.380952381,0.243866465,aggressive,Sean
1.84,0.223507307,aggressive,Sharon
1.608695652,0.233022476,aggressive,Susan
2.705882353,0.271042423,aggressive,Sylvester
2.74469938,0.108437261,aggressive,Tonya
2.481481481,0.215070007,aggressive,Travis
2.352941176,0.271042423,aggressive,Veronica
2.684210526,0.256380465,aggressive,Victor
1.842105263,0.256380465,aggressive,Willie
1.94828672,0.1092867,traditional,Aisha
2.263346757,0.123734904,traditional,Alfreda
1.888888889,0.278044278,traditional,Alonzo
2.184279133,0.108491617,traditional,Althea
3.411764706,0.286105202,traditional,Amanda
2.398765104,0.11903382,traditional,Angel
3.846153846,0.231346823,traditional,Anna
2.166666667,0.278044278,traditional,Antoine
3,0.278044278,traditional,Antonio
1.670795949,0.113840298,traditional,Ayanna
3.142857143,0.257418981,traditional,Bertha
2.326495742,0.113260928,traditional,Brandi
2.506080782,0.112739861,traditional,Brandy
1.636363636,0.251500512,traditional,Cale
2.428571429,0.257418981,traditional,Cedric
3.2,0.235928393,traditional,Cesar
4.266666667,0.304582246,traditional,Charles
2.046672401,0.119718574,traditional,Cori
2.953488372,0.179893713,traditional,Cornell
2.583849919,0.116367377,traditional,Crystal
2.166666667,0.240793408,traditional,Earline
2.939367627,0.118207856,traditional,Earnestine
1.957446809,0.172068465,traditional,Ebony
2.642857143,0.222931377,traditional,Eloisa
4.305732663,0.1116298,traditional,Emily
2.76,0.235928393,traditional,Esperanza
2.395707459,0.126402631,traditional,Essie
1.946338478,0.101012375,traditional,Eula
2.181818182,0.355675435,traditional,Fannie
2.666666667,0.227022202,traditional,India
3,0.231346823,traditional,Irma
1.95174441,0.116671457,traditional,Ivory
1.833333333,0.240793408,traditional,Jacinto
3.136363636,0.251500512,traditional,Jacqueline
4.625,0.240793408,traditional,James
2.379273565,0.109364058,traditional,Janelle
3.75,0.240793408,traditional,Jennifer
2,0.278044278,traditional,Jermaine
2.518885074,0.123260745,traditional,Jolene
3.217391304,0.245972353,traditional,Jose
2.923076923,0.163586908,traditional,Juan
2.601181642,0.11131742,traditional,Karin
2.52173913,0.245972353,traditional,Karina
3.541666667,0.240793408,traditional,Kathryn
2.291666667,0.240793408,traditional,Keisha
2.537875681,0.11287554,traditional,Kelli
2.217391304,0.245972353,traditional,Kelvin
2.413283665,0.128832517,traditional,Kimberlee
2.019724319,0.121916157,traditional,Krystal
1.947368421,0.270628427,traditional,Lakisha
1.789473684,0.270628427,traditional,Latasha
1.666666667,0.278044278,traditional,Latisha
1.272727273,0.251500512,traditional,Latonya
2.2,0.263775963,traditional,Latoya
3.354759224,0.119743252,traditional,Laurie
3.130949526,0.113931748,traditional,Lillie
1.761904762,0.257418981,traditional,Lino
3.666666667,0.278044278,traditional,Lisa
3.31290383,0.122881538,traditional,Mable
3.074074074,0.227022202,traditional,Manuel
3.923076923,0.231346823,traditional,Maria
3.954545455,0.251500512,traditional,Mark
2.333333333,0.304582246,traditional,Marlo
3.363636364,0.251500512,traditional,Megan
4.321428571,0.222931377,traditional,Michael
1.705882353,0.286105202,traditional,Migdalia
1.954447983,0.115974899,traditional,Misty
2.209200329,0.12344357,traditional,Nikki
2.075109891,0.115733616,traditional,Octavia
2.059747483,0.108966149,traditional,Odessa
2.689655172,0.219054014,traditional,Rafael
3.523809524,0.257418981,traditional,Reginald
4.423076923,0.231346823,traditional,Robert
2.611111111,0.278044278,traditional,Roberto
4,0.240793408,traditional,Ronald
3.65,0.263775963,traditional,Rosa
1.857142857,0.257418981,traditional,Roxana
1.848471041,0.11388787,traditional,Roxie
2.875,0.294910492,traditional,Sammie
3.59375,0.208533208,traditional,Sandra
3,0.294910492,traditional,Sean
3.823529412,0.286105202,traditional,Sharon
4,0.373035544,traditional,Susan
2.526315789,0.270628427,traditional,Sylvester
2.492717136,0.119636066,traditional,Tonya
3.333333333,0.278044278,traditional,Travis
3.043478261,0.245972353,traditional,Veronica
3.4,0.263775963,traditional,Victor
2.774193548,0.211869952,traditional,Willie
1.831938626,0.095538632,violent,Aisha
1.633079534,0.095178017,violent,Alfreda
2.238095238,0.220343175,violent,Alonzo
1.515470431,0.092391451,violent,Althea
1.136363636,0.215277137,violent,Amanda
1.718616464,0.086454793,violent,Angel
1.47826087,0.210545194,violent,Anna
1.315789474,0.231650077,violent,Antoine
2.045454545,0.215277137,violent,Antonio
1.755669236,0.099997402,violent,Ayanna
1.909090909,0.215277137,violent,Bertha
1.696254951,0.097258461,violent,Brandi
1.945610999,0.101971562,violent,Brandy
1.55,0.225784567,violent,Cale
1.5625,0.25243482,violent,Cedric
2.555555556,0.23799783,violent,Cesar
1.555555556,0.23799783,violent,Charles
1.675765192,0.099475182,violent,Cori
1.377358491,0.138698357,violent,Cornell
1.787639449,0.096674459,violent,Crystal
1.416666667,0.206112167,violent,Earline
1.490533951,0.098008494,violent,Earnestine
1.780487805,0.157694782,violent,Ebony
1.85,0.225784567,violent,Eloisa
1.549020196,0.102833554,violent,Emily
1.714285714,0.220343175,violent,Esperanza
1.401827976,0.094899509,violent,Essie
1.651103098,0.095048488,violent,Eula
1.2,0.201947856,violent,Fannie
1.56,0.201947856,violent,India
1.9375,0.25243482,violent,Irma
1.717861198,0.100008498,violent,Ivory
1.7,0.225784567,violent,Jacinto
1.655172414,0.187503877,violent,Jacqueline
1.421052632,0.231650077,violent,James
1.865808186,0.098008956,violent,Janelle
2.071428571,0.269864173,violent,Jennifer
1.576923077,0.198026165,violent,Jermaine
1.665184418,0.094866207,violent,Jolene
2.055555556,0.23799783,violent,Jose
2.068181818,0.152223924,violent,Juan
1.556000792,0.099266809,violent,Karin
1.55,0.225784567,violent,Karina
1.25,0.225784567,violent,Kathryn
1.714285714,0.269864173,violent,Keisha
1.44567033,0.100023179,violent,Kelli
1.806451613,0.181354528,violent,Kelvin
1.548117358,0.092054865,violent,Kimberlee
1.720915989,0.097461418,violent,Krystal
1.952380952,0.220343175,violent,Lakisha
2.625,0.206112167,violent,Latasha
1.954545455,0.215277137,violent,Latisha
1.6,0.225784567,violent,Latonya
2,0.231650077,violent,Latoya
1.447364613,0.09640999,violent,Laurie
1.292715769,0.090453715,violent,Lillie
2.115384615,0.198026165,violent,Lino
1.5,0.198026165,violent,Lisa
1.471552282,0.10091411,violent,Mable
1.708333333,0.206112167,violent,Manuel
1.434782609,0.210545194,violent,Maria
1.708333333,0.206112167,violent,Mark
1.923076923,0.280051288,violent,Marlo
1.619047619,0.220343175,violent,Megan
2.19047619,0.220343175,violent,Michael
1.923076923,0.198026165,violent,Migdalia
1.515851073,0.09552327,violent,Misty
1.94948668,0.098101768,violent,Nikki
1.94283582,0.106943199,violent,Octavia
1.822473431,0.095660986,violent,Odessa
2.3125,0.25243482,violent,Rafael
1.705882353,0.244897747,violent,Reginald
1.833333333,0.206112167,violent,Robert
1.777777778,0.194324415,violent,Roberto
1.461538462,0.280051288,violent,Ronald
1.548387097,0.181354528,violent,Rosa
1.413793103,0.187503877,violent,Roxana
2.156660238,0.100970447,violent,Roxie
2.041666667,0.206112167,violent,Sammie
1.769230769,0.280051288,violent,Sandra
1.666666667,0.220343175,violent,Sean
1.388888889,0.23799783,violent,Sharon
1.285714286,0.220343175,violent,Susan
2.315789474,0.231650077,violent,Sylvester
2.23504419,0.09391104,violent,Tonya
1.95,0.225784567,violent,Travis
2.055555556,0.23799783,violent,Veronica
2.277777778,0.23799783,violent,Victor
1.863636364,0.215277137,violent,Willie
5,1.034898463,a Republican,
1.954662539,0.076255477,a Republican,Aisha
2.326816136,0.077550883,a Republican,Alfreda
2,0.172483077,a Republican,Alonzo
2.392484126,0.080381081,a Republican,Althea
3.259259259,0.199166302,a Republican,Amanda
2.371813639,0.079652047,a Republican,Angel
3,0.199166302,a Republican,Anna
2.044444444,0.154273554,a Republican,Antoine
2.260869565,0.215791247,a Republican,Antonio
2.117908221,0.078461116,a Republican,Ayanna
3.161290323,0.185873251,a Republican,Bertha
2.766325196,0.072708879,a Republican,Brandi
2.747126202,0.076666533,a Republican,Brandy
3,0.195577426,a Republican,Cale
2.529411765,0.177483622,a Republican,Cedric
2.314285714,0.174929768,a Republican,Cesar
3.340425532,0.150955456,a Republican,Charles
2.823655273,0.077430934,a Republican,Cori
2.971428571,0.174929768,a Republican,Cornell
2.915664416,0.073096388,a Republican,Crystal
2.891891892,0.170136259,a Republican,Earline
3.102851927,0.079171592,a Republican,Earnestine
1.785714286,0.195577426,a Republican,Ebony
2.342857143,0.174929768,a Republican,Eloisa
3.082327319,0.072553409,a Republican,Emily
1.833333333,0.172483077,a Republican,Esperanza
2.54311647,0.073945629,a Republican,Essie
2.322855832,0.074031955,a Republican,Eula
3.181818182,0.180152699,a Republican,Fannie
2.25,0.211247764,a Republican,India
2.72,0.206979693,a Republican,Irma
2.439161508,0.073837737,a Republican,Ivory
1.90625,0.18294593,a Republican,Jacinto
2.9375,0.149374727,a Republican,Jacqueline
3.172413793,0.19217582,a Republican,James
2.578016886,0.084609547,a Republican,Janelle
3.103448276,0.19217582,a Republican,Jennifer
1.764705882,0.177483622,a Republican,Jermaine
2.996698171,0.072615928,a Republican,Jolene
2.15625,0.18294593,a Republican,Jose
1.75862069,0.19217582,a Republican,Juan
3.071997573,0.074306939,a Republican,Karin
2.526315789,0.167882699,a Republican,Karina
3.129032258,0.185873251,a Republican,Kathryn
1.8,0.206979693,a Republican,Keisha
3.072848783,0.075782267,a Republican,Kelli
2.966666667,0.188945744,a Republican,Kelvin
3.133092304,0.079260589,a Republican,Kimberlee
2.776979225,0.075776091,a Republican,Krystal
1.695652174,0.215791247,a Republican,Lakisha
2.363636364,0.220641094,a Republican,Latasha
1.703703704,0.199166302,a Republican,Latisha
1.65625,0.18294593,a Republican,Latonya
2.125,0.163631815,a Republican,Latoya
3.184844867,0.079416939,a Republican,Laurie
2.923702915,0.075808865,a Republican,Lillie
2.324324324,0.170136259,a Republican,Lino
2.966666667,0.188945744,a Republican,Lisa
3.177032044,0.081603,a Republican,Mable
2.324324324,0.170136259,a Republican,Manuel
1.961538462,0.202960287,a Republican,Maria
3.375,0.211247764,a Republican,Mark
2.448275862,0.19217582,a Republican,Marlo
3.390243902,0.161623986,a Republican,Megan
3.266666667,0.188945744,a Republican,Michael
2,0.199166302,a Republican,Migdalia
3.000873638,0.082921463,a Republican,Misty
2.672726496,0.075221885,a Republican,Nikki
2.280538501,0.077999278,a Republican,Octavia
2.437896389,0.077197058,a Republican,Odessa
2.090909091,0.180152699,a Republican,Rafael
3.5,0.18294593,a Republican,Reginald
3.395348837,0.157820536,a Republican,Robert
2.3,0.163631815,a Republican,Roberto
3.428571429,0.195577426,a Republican,Ronald
2.266666667,0.188945744,a Republican,Rosa
2.6,0.206979693,a Republican,Roxana
2.55029331,0.078558014,a Republican,Roxie
2.913043478,0.215791247,a Republican,Sammie
2.80952381,0.225833359,a Republican,Sandra
3.279069767,0.157820536,a Republican,Sean
3.27027027,0.170136259,a Republican,Sharon
3.5,0.211247764,a Republican,Susan
2.517241379,0.19217582,a Republican,Sylvester
2.580428728,0.073550119,a Republican,Tonya
3.1875,0.18294593,a Republican,Travis
2.853658537,0.161623986,a Republican,Veronica
2.926829268,0.161623986,a Republican,Victor
2.689655172,0.19217582,a Republican,Willie
2.167786446,0.073348738,Hispanic,Aisha
3.368080172,0.076064088,Hispanic,Alfreda
3.387096774,0.180863504,Hispanic,Alonzo
2.216296578,0.073753125,Hispanic,Althea
2.083333333,0.167834229,Hispanic,Amanda
3.828146204,0.071273866,Hispanic,Angel
2.6,0.183853186,Hispanic,Anna
2.5,0.172699997,Hispanic,Antoine
3.35483871,0.180863504,Hispanic,Antonio
3.05805658,0.078865357,Hispanic,Ayanna
1.973684211,0.163357843,Hispanic,Bertha
1.802120602,0.073019765,Hispanic,Brandi
1.699413131,0.07772709,Hispanic,Brandy
2.333333333,0.175297135,Hispanic,Cale
2.148148148,0.193798274,Hispanic,Cedric
3.833333333,0.183853186,Hispanic,Cesar
2.032258065,0.180863504,Hispanic,Charles
1.955329152,0.074577862,Hispanic,Cori
1.47826087,0.209975135,Hispanic,Cornell
2.201786045,0.07291903,Hispanic,Crystal
2,0.180863504,Hispanic,Earline
2.414028908,0.074541345,Hispanic,Earnestine
1.676470588,0.172699997,Hispanic,Ebony
3.5,0.251751343,Hispanic,Eloisa
1.822305183,0.073923001,Hispanic,Emily
4.275862069,0.186996203,Hispanic,Esperanza
2.595073322,0.072649521,Hispanic,Essie
2.647578177,0.076528399,Hispanic,Eula
2.12195122,0.157267817,Hispanic,Fannie
2,0.186996203,Hispanic,India
2.652173913,0.209975135,Hispanic,Irma
1.810546483,0.071015745,Hispanic,Ivory
3.96969697,0.175297135,Hispanic,Jacinto
2.137931034,0.186996203,Hispanic,Jacqueline
2.103448276,0.186996203,Hispanic,James
2.009450919,0.071702888,Hispanic,Janelle
2.071428571,0.190306128,Hispanic,Jennifer
1.761904762,0.155384303,Hispanic,Jermaine
2.092091648,0.073433419,Hispanic,Jolene
4.518518519,0.193798274,Hispanic,Jose
4.6,0.150115498,Hispanic,Juan
2.08111926,0.073319054,Hispanic,Karin
2.638888889,0.167834229,Hispanic,Karina
1.916666667,0.205554111,Hispanic,Kathryn
1.586206897,0.186996203,Hispanic,Keisha
1.738798337,0.073068937,Hispanic,Kelli
1.75,0.178015082,Hispanic,Kelvin
1.65715717,0.07577042,Hispanic,Kimberlee
2.18451783,0.074032466,Hispanic,Krystal
1.696969697,0.175297135,Hispanic,Lakisha
2.225806452,0.180863504,Hispanic,Latasha
2,0.167834229,Hispanic,Latisha
2.12,0.201401075,Hispanic,Latonya
2.090909091,0.175297135,Hispanic,Latoya
1.694814969,0.072190381,Hispanic,Laurie
1.94876473,0.076509969,Hispanic,Lillie
3.131578947,0.163357843,Hispanic,Lino
1.882352941,0.172699997,Hispanic,Lisa
1.812074578,0.075350076,Hispanic,Mable
4.147058824,0.172699997,Hispanic,Manuel
3.909090909,0.151811772,Hispanic,Maria
2.153846154,0.161249911,Hispanic,Mark
3.026315789,0.163357843,Hispanic,Marlo
1.727272727,0.175297135,Hispanic,Megan
2,0.201401075,Hispanic,Michael
3.5,0.167834229,Hispanic,Migdalia
1.725586534,0.079483188,Hispanic,Misty
2.122232743,0.077911469,Hispanic,Nikki
2.646227455,0.074049363,Hispanic,Octavia
2.325999072,0.075135904,Hispanic,Odessa
3.648648649,0.165550664,Hispanic,Rafael
1.8,0.15922153,Hispanic,Reginald
2.277777778,0.167834229,Hispanic,Robert
4.243243243,0.165550664,Hispanic,Roberto
2.129032258,0.180863504,Hispanic,Ronald
4.28,0.201401075,Hispanic,Rosa
2.870967742,0.180863504,Hispanic,Roxana
2.266085891,0.076411725,Hispanic,Roxie
2.03030303,0.175297135,Hispanic,Sammie
2.11627907,0.15356688,Hispanic,Sandra
1.838709677,0.180863504,Hispanic,Sean
1.8,0.183853186,Hispanic,Sharon
1.621621622,0.165550664,Hispanic,Susan
2.032258065,0.180863504,Hispanic,Sylvester
2.024045779,0.078710037,Hispanic,Tonya
1.825,0.15922153,Hispanic,Travis
2.605263158,0.163357843,Hispanic,Veronica
3.137931034,0.186996203,Hispanic,Victor
2,0.190306128,Hispanic,Willie
5,0.956563281,working class,
3.394741236,0.068350689,working class,Aisha
3.329701838,0.072887201,working class,Alfreda
3.517241379,0.177629342,working class,Alonzo
3.02316394,0.070176859,working class,Althea
3.263157895,0.155175055,working class,Amanda
3.360679087,0.079137219,working class,Angel
3.259259259,0.184090689,working class,Anna
3.333333333,0.147600919,working class,Antoine
3.53125,0.169098096,working class,Antonio
3.229222424,0.068595791,working class,Ayanna
3.346153846,0.187597494,working class,Bertha
3.443402454,0.06598196,working class,Brandi
3.399635276,0.068693565,working class,Brandy
2.724137931,0.177629342,working class,Cale
2.828571429,0.161688705,working class,Cedric
3.214285714,0.147600919,working class,Cesar
3.128205128,0.153172712,working class,Charles
3.167185809,0.070233461,working class,Cori
2.852941176,0.164049249,working class,Cornell
3.509794858,0.07163555,working class,Crystal
3.117647059,0.164049249,working class,Earline
2.956721553,0.071554787,working class,Earnestine
3.5625,0.169098096,working class,Ebony
3.388888889,0.159427213,working class,Eloisa
3.09132381,0.072005776,working class,Emily
3.5625,0.169098096,working class,Esperanza
3.117098787,0.067750778,working class,Essie
3.282691059,0.072951874,working class,Eula
3.214285714,0.147600919,working class,Fannie
3.125,0.138068017,working class,India
3.358974359,0.153172712,working class,Irma
3.007497037,0.069616787,working class,Ivory
3.592592593,0.184090689,working class,Jacinto
3.103448276,0.177629342,working class,Jacqueline
3.5,0.187597494,working class,James
3.338409835,0.071608959,working class,Janelle
3.157894737,0.155175055,working class,Jennifer
3.333333333,0.184090689,working class,Jermaine
3.475573831,0.067440804,working class,Jolene
3.594594595,0.157258035,working class,Jose
3.578947368,0.155175055,working class,Juan
3.091692245,0.07050152,working class,Karin
2.846153846,0.187597494,working class,Karina
3.1,0.174643762,working class,Kathryn
3.454545455,0.14420734,working class,Keisha
3.304973442,0.07068573,working class,Kelli
3.363636364,0.14420734,working class,Kelvin
3.254830861,0.07357654,working class,Kimberlee
3.400588069,0.068988097,working class,Krystal
3.34375,0.169098096,working class,Lakisha
3.454545455,0.203939977,working class,Latasha
3.5625,0.169098096,working class,Latisha
3.138888889,0.159427213,working class,Latonya
3.655172414,0.177629342,working class,Latoya
3.128703416,0.071868141,working class,Laurie
3.067024444,0.074410805,working class,Lillie
3.111111111,0.184090689,working class,Lino
3.090909091,0.166516294,working class,Lisa
3.232739142,0.075018041,working class,Mable
3.6875,0.169098096,working class,Manuel
3.689655172,0.177629342,working class,Maria
3.135135135,0.157258035,working class,Mark
3.44,0.191312656,working class,Marlo
3.4,0.174643762,working class,Megan
3.236842105,0.155175055,working class,Michael
3.034482759,0.177629342,working class,Migdalia
3.278818804,0.068390436,working class,Misty
3.41763406,0.073033059,working class,Nikki
2.848757563,0.071431936,working class,Octavia
2.952845598,0.069250801,working class,Odessa
3.181818182,0.14420734,working class,Rafael
2.129032258,0.171803837,working class,Reginald
3.172413793,0.177629342,working class,Robert
3.361111111,0.159427213,working class,Roberto
3.44,0.191312656,working class,Ronald
3.59375,0.169098096,working class,Rosa
3.129032258,0.171803837,working class,Roxana
3.457502028,0.068935704,working class,Roxie
3.088235294,0.164049249,working class,Sammie
3.25,0.14420734,working class,Sandra
3.142857143,0.161688705,working class,Sean
3.206896552,0.177629342,working class,Sharon
3.225806452,0.171803837,working class,Susan
3.36,0.191312656,working class,Sylvester
3.488254207,0.07505723,working class,Tonya
3.413793103,0.177629342,working class,Travis
2.838709677,0.171803837,working class,Veronica
3.242424242,0.166516294,working class,Victor
3.8,0.174643762,working class,Willie
2.338765007,0.075102944,upper class,Aisha
2.360792197,0.076738018,upper class,Alfreda
2.322580645,0.180811179,upper class,Alonzo
2.98048496,0.076694648,upper class,Althea
3.108108108,0.165502769,upper class,Amanda
2.218848781,0.070611105,upper class,Angel
3.029411765,0.172650034,upper class,Anna
2.90625,0.177963581,upper class,Antoine
2.5,0.190251071,upper class,Antonio
2.598699788,0.073491301,upper class,Ayanna
2.14893617,0.146844335,upper class,Bertha
2.473805396,0.082940445,upper class,Brandi
2.626800765,0.077833028,upper class,Brandy
2.966666667,0.183799996,upper class,Cale
3,0.205494643,upper class,Cedric
3.181818182,0.17524642,upper class,Cesar
3.2,0.225108103,upper class,Charles
2.843030038,0.074512111,upper class,Cori
3.5,0.183799996,upper class,Cornell
2.445867573,0.077929039,upper class,Crystal
2.363636364,0.17524642,upper class,Earline
3.253333357,0.080552059,upper class,Earnestine
1.8,0.170165731,upper class,Ebony
3.111111111,0.167785673,upper class,Eloisa
3.385255474,0.072812514,upper class,Emily
2.55,0.159175466,upper class,Esperanza
2.856749332,0.072795656,upper class,Essie
2.622219182,0.075742951,upper class,Eula
2.857142857,0.190251071,upper class,Fannie
2.56,0.201342808,upper class,India
2.838709677,0.180811179,upper class,Irma
2.830054836,0.074488549,upper class,Ivory
2,0.214632155,upper class,Jacinto
3.111111111,0.167785673,upper class,Jacqueline
3,0.25167851,upper class,James
2.695033679,0.072972421,upper class,Janelle
3.184210526,0.163310582,upper class,Jennifer
2.655172414,0.186942104,upper class,Jermaine
2.450257098,0.07544635,upper class,Jolene
2.192307692,0.197432867,upper class,Jose
2.421052632,0.23095604,upper class,Juan
3.153165246,0.071599225,upper class,Karin
3.192307692,0.197432867,upper class,Karina
3.633333333,0.183799996,upper class,Kathryn
2.025641026,0.161203261,upper class,Keisha
2.95192974,0.074446596,upper class,Kelli
3.108108108,0.165502769,upper class,Kelvin
2.737535141,0.074179542,upper class,Kimberlee
2.435654214,0.077729886,upper class,Krystal
1.9375,0.177963581,upper class,Lakisha
2.318181818,0.151767852,upper class,Latasha
1.909090909,0.17524642,upper class,Latisha
2.033333333,0.183799996,upper class,Latonya
2.2,0.201342808,upper class,Latoya
3.190127489,0.073571402,upper class,Laurie
3.138298183,0.075211162,upper class,Lillie
2.151515152,0.17524642,upper class,Lino
2.935483871,0.180811179,upper class,Lisa
2.847112066,0.07656933,upper class,Mable
2.5,0.183799996,upper class,Manuel
2.689655172,0.186942104,upper class,Maria
3.138888889,0.167785673,upper class,Mark
2.676470588,0.172650034,upper class,Marlo
3.131578947,0.163310582,upper class,Megan
3.135135135,0.165502769,upper class,Michael
2.564102564,0.161203261,upper class,Migdalia
2.568525189,0.072034836,upper class,Misty
2.572500388,0.073932905,upper class,Nikki
2.8535726,0.0719021,upper class,Octavia
2.885105885,0.077293033,upper class,Odessa
2.678571429,0.190251071,upper class,Rafael
3.55,0.159175466,upper class,Reginald
3.235294118,0.172650034,upper class,Robert
2.756756757,0.165502769,upper class,Roberto
3.03125,0.177963581,upper class,Ronald
2.5,0.177963581,upper class,Rosa
2.571428571,0.170165731,upper class,Roxana
2.198222431,0.072946827,upper class,Roxie
2.363636364,0.17524642,upper class,Sammie
3.071428571,0.155339349,upper class,Sandra
2.818181818,0.17524642,upper class,Sean
3.214285714,0.190251071,upper class,Sharon
3.361111111,0.167785673,upper class,Susan
2.891891892,0.165502769,upper class,Sylvester
2.433042675,0.0770135,upper class,Tonya
2.8,0.183799996,upper class,Travis
3.103448276,0.186942104,upper class,Veronica
3.277777778,0.167785673,upper class,Victor
1.973684211,0.163310582,upper class,Willie
5,0.997785944,a Democrat,
3.611694629,0.074666113,a Democrat,Aisha
3.245985594,0.071815061,a Democrat,Alfreda
3.366666667,0.182169956,a Democrat,Alonzo
3.276699755,0.071651312,a Democrat,Althea
3.151515152,0.173692238,a Democrat,Amanda
3.175246554,0.072006156,a Democrat,Angel
3.03125,0.176385302,a Democrat,Anna
3.297297297,0.164034999,a Democrat,Antoine
3.121212121,0.173692238,a Democrat,Antonio
3.412621827,0.07264556,a Democrat,Ayanna
2.48,0.199557189,a Democrat,Bertha
3.127907485,0.073178029,a Democrat,Brandi
2.981155373,0.082750304,a Democrat,Brandy
3.242424242,0.173692238,a Democrat,Cale
3.260869565,0.208052751,a Democrat,Cedric
3.057142857,0.168656607,a Democrat,Cesar
2.848484848,0.173692238,a Democrat,Charles
3.063643478,0.076099282,a Democrat,Cori
3.076923077,0.195681923,a Democrat,Cornell
3.141629657,0.071373342,a Democrat,Crystal
3.259259259,0.192023994,a Democrat,Earline
2.796709997,0.071947729,a Democrat,Earnestine
3.622222222,0.148741147,a Democrat,Ebony
3.212121212,0.173692238,a Democrat,Eloisa
3.103293852,0.072684019,a Democrat,Emily
3.527777778,0.166297657,a Democrat,Esperanza
2.975609402,0.079797932,a Democrat,Essie
3.016687474,0.078726537,a Democrat,Eula
2.634146341,0.155827984,a Democrat,Fannie
3.19047619,0.217734744,a Democrat,India
2.828571429,0.168656607,a Democrat,Irma
3.195463499,0.074091428,a Democrat,Ivory
3.459459459,0.164034999,a Democrat,Jacinto
3.076923077,0.195681923,a Democrat,Jacqueline
3.024390244,0.155827984,a Democrat,James
3.133576398,0.068610391,a Democrat,Janelle
2.857142857,0.168656607,a Democrat,Jennifer
3.45,0.15776381,a Democrat,Jermaine
2.643216067,0.075196556,a Democrat,Jolene
3.428571429,0.217734744,a Democrat,Jose
3.303030303,0.173692238,a Democrat,Juan
2.963811012,0.073091363,a Democrat,Karin
3.090909091,0.173692238,a Democrat,Karina
2.814814815,0.192023994,a Democrat,Kathryn
3.678571429,0.188563819,a Democrat,Keisha
2.909787577,0.069151918,a Democrat,Kelli
3.189189189,0.164034999,a Democrat,Kelvin
3.00854094,0.071528271,a Democrat,Kimberlee
3.170490121,0.070772336,a Democrat,Krystal
3.966666667,0.182169956,a Democrat,Lakisha
3.5,0.203672203,a Democrat,Latasha
4.057142857,0.168656607,a Democrat,Latisha
3.810810811,0.164034999,a Democrat,Latonya
3.931034483,0.185284198,a Democrat,Latoya
2.971171448,0.071856092,a Democrat,Laurie
3.124599049,0.075591733,a Democrat,Lillie
3,0.203672203,a Democrat,Lino
3.057142857,0.168656607,a Democrat,Lisa
2.705265705,0.075505275,a Democrat,Mable
3.303030303,0.173692238,a Democrat,Manuel
3.392857143,0.188563819,a Democrat,Maria
2.974358974,0.159773621,a Democrat,Mark
3,0.166297657,a Democrat,Marlo
3,0.188563819,a Democrat,Megan
3.113636364,0.150421891,a Democrat,Michael
3.210526316,0.161862254,a Democrat,Migdalia
3.095968822,0.066987737,a Democrat,Misty
3.24284889,0.075536257,a Democrat,Nikki
3.391785007,0.075995249,a Democrat,Octavia
3.303345961,0.07529786,a Democrat,Odessa
3.463414634,0.155827984,a Democrat,Rafael
2.535714286,0.188563819,a Democrat,Reginald
2.862068966,0.185284198,a Democrat,Robert
3.137931034,0.185284198,a Democrat,Roberto
2.588235294,0.171118878,a Democrat,Ronald
3.282051282,0.159773621,a Democrat,Rosa
2.9,0.15776381,a Democrat,Roxana
3.069762476,0.078900679,a Democrat,Roxie
2.971428571,0.168656607,a Democrat,Sammie
3.090909091,0.212728678,a Democrat,Sandra
3.09375,0.176385302,a Democrat,Sean
3.260869565,0.208052751,a Democrat,Sharon
3.057142857,0.168656607,a Democrat,Susan
2.975,0.15776381,a Democrat,Sylvester
3.025287781,0.068241142,a Democrat,Tonya
2.842105263,0.161862254,a Democrat,Travis
3.133333333,0.182169956,a Democrat,Veronica
2.96875,0.176385302,a Democrat,Victor
2.825,0.15776381,a Democrat,Willie
1,0.895265976,middle class,
2.71606643,0.064377418,middle class,Aisha
2.680934163,0.072342555,middle class,Alfreda
2.727272727,0.155845802,middle class,Alonzo
2.772532213,0.066575653,middle class,Althea
3.648648649,0.14718082,middle class,Amanda
2.825266073,0.067039158,middle class,Angel
3.4375,0.158262161,middle class,Anna
2.918918919,0.14718082,middle class,Antoine
2.696969697,0.155845802,middle class,Antonio
2.837961522,0.063703963,middle class,Ayanna
2.692307692,0.175576103,middle class,Bertha
2.810434052,0.063092423,middle class,Brandi
2.987230922,0.06482572,middle class,Brandy
3.392857143,0.169189366,middle class,Cale
2.84375,0.158262161,middle class,Cedric
2.952380952,0.195363052,middle class,Cesar
3.107142857,0.169189366,middle class,Charles
3.095474571,0.068405095,middle class,Cori
2.909090909,0.134966424,middle class,Cornell
3.050842709,0.064845088,middle class,Crystal
2.75,0.158262161,middle class,Earline
2.650020096,0.066800104,middle class,Earnestine
2.41025641,0.143357288,middle class,Ebony
2.72,0.179053195,middle class,Eloisa
3.497797525,0.069412388,middle class,Emily
2.733333333,0.163452457,middle class,Esperanza
2.79638483,0.065101676,middle class,Essie
2.569225853,0.066468205,middle class,Eula
2.625,0.182745402,middle class,Fannie
2.692307692,0.175576103,middle class,India
3.129032258,0.160794516,middle class,Irma
2.751992354,0.068160073,middle class,Ivory
2.307692308,0.175576103,middle class,Jacinto
2.875,0.158262161,middle class,Jacqueline
3.682926829,0.139817055,middle class,James
3.00102608,0.069177813,middle class,Janelle
3.392857143,0.169189366,middle class,Jennifer
2.794117647,0.153536848,middle class,Jermaine
3.018473521,0.065899691,middle class,Jolene
2.857142857,0.169189366,middle class,Jose
2.433333333,0.163452457,middle class,Juan
3.272560413,0.065571937,middle class,Karin
2.857142857,0.15132757,middle class,Karina
3.518518519,0.172294017,middle class,Kathryn
2.829268293,0.139817055,middle class,Keisha
3.19989687,0.061917497,middle class,Kelli
2.78125,0.158262161,middle class,Kelvin
3.09274332,0.072879371,middle class,Kimberlee
3.084015072,0.069548169,middle class,Krystal
2.461538462,0.175576103,middle class,Lakisha
2.722222222,0.149210996,middle class,Latasha
2.476190476,0.195363052,middle class,Latisha
2.741935484,0.160794516,middle class,Latonya
2.727272727,0.190871347,middle class,Latoya
3.433891301,0.062725036,middle class,Laurie
3.262654814,0.065574087,middle class,Lillie
2.655172414,0.166246718,middle class,Lino
3.454545455,0.155845802,middle class,Lisa
2.955128558,0.071721429,middle class,Mable
2.590909091,0.190871347,middle class,Manuel
3.209302326,0.136526781,middle class,Maria
3.862068966,0.166246718,middle class,Mark
2.888888889,0.149210996,middle class,Marlo
3.393939394,0.155845802,middle class,Megan
3.425,0.14155398,middle class,Michael
2.71875,0.158262161,middle class,Migdalia
2.9150709,0.063343265,middle class,Misty
3.1370728,0.064821334,middle class,Nikki
2.7949953,0.064951789,middle class,Octavia
2.72498097,0.069617116,middle class,Odessa
2.642857143,0.169189366,middle class,Rafael
2.826086957,0.18667586,middle class,Reginald
3.448275862,0.166246718,middle class,Robert
2.714285714,0.169189366,middle class,Roberto
3.310344828,0.166246718,middle class,Ronald
2.739130435,0.18667586,middle class,Rosa
3.041666667,0.182745402,middle class,Roxana
2.788207203,0.067163734,middle class,Roxie
2.892857143,0.169189366,middle class,Sammie
3.581395349,0.136526781,middle class,Sandra
3.633333333,0.163452457,middle class,Sean
3.184210526,0.145231319,middle class,Sharon
3.4,0.179053195,middle class,Susan
2.677419355,0.160794516,middle class,Sylvester
3.034788127,0.063783009,middle class,Tonya
3,0.172294017,middle class,Travis
2.918918919,0.14718082,middle class,Veronica
2.928571429,0.169189366,middle class,Victor
3.073170732,0.139817055,middle class,Willie
5,1.057292616,white,
1.565789337,0.083494821,white,Aisha
2.089616512,0.083598655,white,Alfreda
1.925,0.167172641,white,Alonzo
2.182132279,0.081723131,white,Althea
4.071428571,0.163143792,white,Amanda
2.713198284,0.084985418,white,Angel
3.9,0.167172641,white,Anna
2,0.181324188,white,Antoine
2.285714286,0.178715071,white,Antonio
2.24295207,0.080714639,white,Ayanna
3.125,0.215818951,white,Bertha
3.257109793,0.083744162,white,Brandi
3.1921971,0.083809836,white,Brandy
3.764705882,0.181324188,white,Cale
2.296296296,0.203476059,white,Cedric
2.172413793,0.19633431,white,Cesar
3.611111111,0.176215436,white,Charles
3.360066817,0.081458295,white,Cori
2.705882353,0.181324188,white,Cornell
3.441046097,0.077155914,white,Crystal
2.647058824,0.181324188,white,Earline
3.234733745,0.081609735,white,Earnestine
1.678571429,0.199809523,white,Ebony
3,0.178715071,white,Eloisa
4.293762516,0.078781629,white,Emily
1.757575758,0.18405102,white,Esperanza
2.812361828,0.078787503,white,Essie
2.457028772,0.083080701,white,Eula
3.7,0.193034339,white,Fannie
1.636363636,0.18405102,white,India
3.432432432,0.173817835,white,Irma
2.736492465,0.077679578,white,Ivory
1.53125,0.186904695,white,Jacinto
3.176470588,0.256431125,white,Jacqueline
3.722222222,0.249206259,white,James
2.781547436,0.076888889,white,Janelle
4.03030303,0.18405102,white,Jennifer
1.709677419,0.18989536,white,Jermaine
3.639949984,0.07836038,white,Jolene
1.8,0.178715071,white,Jose
1.71875,0.186904695,white,Juan
3.716095078,0.079186102,white,Karin
3.043478261,0.22046075,white,Karina
4.181818182,0.18405102,white,Kathryn
1.825,0.167172641,white,Keisha
3.623696569,0.080277227,white,Kelli
3.24,0.211458523,white,Kelvin
3.760516733,0.081231202,white,Kimberlee
3.30457227,0.07883725,white,Krystal
1.710526316,0.171515511,white,Lakisha
1.428571429,0.199809523,white,Latasha
1.586206897,0.19633431,white,Latisha
1.515151515,0.18405102,white,Latonya
1.583333333,0.176215436,white,Latoya
4.163040058,0.080412537,white,Laurie
3.849653611,0.080192216,white,Lillie
2,0.178715071,white,Lino
3.361111111,0.176215436,white,Lisa
3.30695509,0.087983304,white,Mable
1.923076923,0.207352142,white,Manuel
2.62962963,0.203476059,white,Maria
3.785714286,0.163143792,white,Mark
2.575757576,0.18405102,white,Marlo
4.173913043,0.22046075,white,Megan
3.592592593,0.203476059,white,Michael
2.08,0.211458523,white,Migdalia
4.000615281,0.078169448,white,Misty
3.352247239,0.077699636,white,Nikki
2.477078046,0.084586036,white,Octavia
2.242984581,0.079139359,white,Odessa
2.411764706,0.181324188,white,Rafael
2.9,0.193034339,white,Reginald
3.931034483,0.19633431,white,Robert
1.724137931,0.19633431,white,Roberto
3.682926829,0.165121365,white,Ronald
2.192307692,0.207352142,white,Rosa
3.193548387,0.18989536,white,Roxana
3.33730149,0.082417545,white,Roxie
3.409090909,0.225415543,white,Sammie
3.666666667,0.18405102,white,Sandra
3.444444444,0.176215436,white,Sean
3.916666667,0.176215436,white,Sharon
4.176470588,0.181324188,white,Susan
3.46875,0.186904695,white,Sylvester
2.830058838,0.082060554,white,Tonya
3.571428571,0.163143792,white,Travis
3.3125,0.186904695,white,Veronica
3.131578947,0.171515511,white,Victor
3.41025641,0.169302315,white,Willie
4.080612095,0.077607421,African American,Aisha
2.848041595,0.077822234,African American,Alfreda
2.931034483,0.197785681,African American,Alonzo
3.289537904,0.079856911,African American,Althea
1.962962963,0.204980224,African American,Amanda
2.634270375,0.082251178,African American,Angel
1.868421053,0.172783412,African American,Anna
3.346153846,0.20888496,African American,Antoine
2.28125,0.188286358,African American,Antonio
3.602317336,0.078447118,African American,Ayanna
2.681818182,0.160571146,African American,Bertha
2.887401643,0.075589455,African American,Brandi
2.761668885,0.073819796,African American,Brandy
2.222222222,0.204980224,African American,Cale
3.433333333,0.194461315,African American,Cedric
2.166666667,0.177518081,African American,Cesar
2.735294118,0.182664598,African American,Charles
2.560005291,0.079301125,African American,Cori
3.131578947,0.172783412,African American,Cornell
2.524902217,0.082403286,African American,Crystal
2.40625,0.188286358,African American,Earline
2.769819071,0.081331776,African American,Earnestine
4.242424242,0.185411589,African American,Ebony
2.5,0.217414359,African American,Eloisa
1.985247063,0.083489424,African American,Emily
2.125,0.168408439,African American,Esperanza
2.748452542,0.078842769,African American,Essie
3.13020484,0.076523003,African American,Eula
2.242424242,0.185411589,African American,Fannie
2.653061224,0.152158355,African American,India
2.514285714,0.180036194,African American,Irma
2.965296196,0.074856877,African American,Ivory
2.875,0.188286358,African American,Jacinto
2.689655172,0.197785681,African American,Jacqueline
2.486486486,0.175102756,African American,James
3.058160462,0.078911401,African American,Janelle
1.84375,0.188286358,African American,Jennifer
3.897435897,0.170553855,African American,Jermaine
2.255079792,0.074019792,African American,Jolene
1.675675676,0.175102756,African American,Jose
1.757575758,0.185411589,African American,Juan
2.358437178,0.082569551,African American,Karin
2.65,0.168408439,African American,Karina
1.885714286,0.180036194,African American,Kathryn
4.029411765,0.182664598,African American,Keisha
2.409481753,0.082119945,African American,Kelli
3.233333333,0.194461315,African American,Kelvin
2.405166323,0.075578063,African American,Kimberlee
2.510496154,0.079219444,African American,Krystal
4.259259259,0.204980224,African American,Lakisha
4.1,0.168408439,African American,Latasha
4.393939394,0.185411589,African American,Latisha
4.3,0.194461315,African American,Latonya
4.074074074,0.204980224,African American,Latoya
1.837586926,0.078075443,African American,Laurie
1.971711569,0.07663663,African American,Lillie
2.666666667,0.185411589,African American,Lino
2.305555556,0.177518081,African American,Lisa
2.580555327,0.073814773,African American,Mable
2,0.191299131,African American,Manuel
2.096774194,0.191299131,African American,Maria
2.3,0.238165498,African American,Mark
2.5,0.177518081,African American,Marlo
1.878787879,0.185411589,African American,Megan
3,0.188286358,African American,Michael
3.146341463,0.166341999,African American,Migdalia
2.086859923,0.083456287,African American,Misty
2.648910272,0.081417001,African American,Nikki
3.36979787,0.081843835,African American,Octavia
3.135122249,0.080312854,African American,Odessa
2.318181818,0.227081892,African American,Rafael
3.172413793,0.197785681,African American,Reginald
2.48,0.213021697,African American,Robert
2.107142857,0.201286584,African American,Roberto
2.333333333,0.177518081,African American,Ronald
2.517241379,0.197785681,African American,Rosa
2.103448276,0.197785681,African American,Roxana
2.367139897,0.083898334,African American,Roxie
2.6,0.213021697,African American,Sammie
2.666666667,0.217414359,African American,Sandra
2.818181818,0.227081892,African American,Sean
2.5,0.164349807,African American,Sharon
2,0.191299131,African American,Susan
2.037037037,0.204980224,African American,Sylvester
3.034348382,0.078291216,African American,Tonya
2.40625,0.188286358,African American,Travis
2.347826087,0.222090472,African American,Veronica
2.236842105,0.172783412,African American,Victor
2.666666667,0.194461315,African American,Willie
