name,race,gen,pctwhite,pcthisp,pctblack,pctapi,pctna,pct2race,White,African American,Hispanic,Asian,distinctiveness
aaron,white,M,91.607,2.88,3.264,2.057,0.055,0.137,3.653039,2.921775,2.380309,2.204088,0.731264061
abdul,black,M,44.344,0.452,6.787,47.511,0.452,0.452,1.890452,3.296668,2.477814,2.367977,0.818854004
abel,white,M,12.844,82.569,2.141,2.446,0,0,2.996314,2.900778,2.788064,2.135469,0.09553659
abigail,white,F,81.579,12.201,1.435,4.785,0,0,3.795364,2.380178,2.340618,2.216879,1.4151859
abraham,white,M,47.7,30.751,7.748,12.349,1.453,0,3.393863,3.122172,2.301918,2.115833,0.271690504
ada,white,F,53.266,30.653,7.035,8.543,0.503,0,3.174108,2.93673,2.953497,2.586098,0.220611821
adam,white,M,96.148,1.989,0.635,1.016,0.085,0.127,3.920368,2.460794,2.510584,2.316211,1.409783566
adan,white,M,5.479,91.781,2.055,0.685,0,0,3.481234,2.720927,2.70623,2.552111,0.760306848
adolfo,hispanic,M,10.056,87.151,0.559,2.235,0,0,2.317603,2.481509,3.410041,2.133463,0.928532101
adrian,white,M,49.249,36.301,11.098,2.659,0.347,0.347,3.332784,2.895721,2.600831,2.361768,0.437063289
adriana,hispanic,F,35.992,62.372,0.818,0.613,0.204,0,3.255585,2.639184,3.356476,2.275613,0.100890761
adrienne,white,F,83.385,2.019,12.733,1.553,0.155,0.155,3.490539,3.09454,2.800225,2.325598,0.395999313
agnes,white,F,67.898,3.125,10.795,17.614,0.568,0,3.48809,2.416232,2.200238,2.370942,1.071858142
agustin,hispanic,M,5.858,89.958,0.418,3.766,0,0,2.914572,2.816429,3.063004,2.439191,0.148431646
ahmad,black,M,67.485,0.613,3.681,26.38,1.227,0.613,2.015619,3.392319,2.411222,2.308796,0.98109673
aileen,white,F,65.591,9.14,2.151,22.581,0,0.538,3.468922,2.586509,2.468617,2.602383,0.866539014
aimee,white,F,93.453,2.782,0.327,3.11,0.164,0.164,3.547747,2.788704,2.397645,2.456536,0.759042949
aisha,black,F,25,5.556,59.722,9.722,0,0,2.231131,3.735162,2.459164,2.394686,1.275998538
alan,white,M,92.471,1.502,1.064,4.797,0.104,0.063,3.875874,2.739271,2.299895,2.605309,1.136603213
albert,white,M,75.093,9.526,7.464,7.546,0.206,0.165,3.43459,2.826012,2.66223,2.205573,0.608578069
alberto,hispanic,M,11.128,81.306,0.445,6.825,0.297,0,2.589722,2.401377,4.011983,1.998436,1.422261341
alejandra,hispanic,F,8.743,87.978,0,3.279,0,0,2.468671,2.628386,3.990479,2.314276,1.362093647
alejandro,hispanic,M,6.943,90.134,0.122,2.801,0,0,2.094352,2.420867,4.224267,1.907397,1.803399701
alex,white,M,64.406,18.964,3.136,12.983,0.219,0.292,3.770266,2.537606,2.903584,2.585108,0.866681426
alexander,white,M,81.531,8.678,2.759,6.631,0.134,0.267,3.810704,2.440804,2.200086,2.14462,1.369899536
alexandra,white,F,85.516,10.714,1.19,1.984,0.198,0.397,3.466053,2.542948,3.095923,2.361374,0.370129991
alexis,white,F,77.655,14.159,5.088,2.876,0,0.221,3.568735,2.774173,3.098568,2.253577,0.470166408
alfonso,hispanic,M,13.071,78.216,3.942,4.564,0,0.207,2.441996,3.032587,3.536939,2.105355,0.504352498
alfred,white,M,75.829,10.186,9.054,4.689,0.081,0.162,3.612132,2.612091,2.592691,2.093238,1.000041279
alfreda,hispanic,F,22.857,2.857,71.429,2.857,0,0,2.332226,2.925873,3.32047,2.113839,0.394597301
alfredo,hispanic,M,10.771,80.64,0.728,7.86,0,0,2.35526,2.259117,3.782862,2.081874,1.427601505
ali,black,M,72.763,1.946,4.28,19.455,0.973,0.584,2.721304,3.248006,2.341498,2.610466,0.526702026
alice,white,F,80.135,4.888,6.292,8.164,0.208,0.312,3.905782,2.65831,2.285956,2.481762,1.247472139
alicia,white,F,66.667,24.375,5.934,2.734,0.116,0.175,3.287625,3.063635,2.852112,2.319908,0.223989672
alisha,black,F,84.977,3.286,10.329,0.469,0.469,0.469,2.948301,3.187322,2.775879,2.277233,0.239021608
allison,white,F,95.378,0.62,1.917,1.917,0,0.169,3.817033,2.346429,2.197905,2.339926,1.470604014
alma,white,F,31.588,56.137,7.201,5.074,0,0,3.255731,2.674167,3.198819,2.363311,0.056911476
alonzo,hispanic,M,34.568,18.519,44.444,2.469,0,0,2.440604,2.864893,3.803059,2.035213,0.938165717
alphonso,hispanic,M,14.286,7.143,76.786,1.786,0,0,2.112253,3.032099,3.392391,2.104449,0.360291264
alton,white,M,74.016,0.787,22.047,2.362,0.787,0,3.241023,2.779374,2.15845,2.121922,0.461648877
alvaro,hispanic,M,12.5,87.132,0,0.368,0,0,2.335663,2.547492,3.913142,2.23096,1.365650474
alvin,white,M,62.353,3.866,21.008,12.773,0,0,3.309334,2.823067,2.256365,2.37224,0.486267139
alyssa,white,F,91.9,4.673,0.312,2.804,0,0.312,3.497678,2.952969,2.833819,2.481213,0.544708257
amanda,white,F,94.312,3.14,1.206,0.933,0.205,0.205,3.751886,2.510124,2.686703,2.252648,1.065182928
amber,white,F,95.055,1.863,1.991,0.771,0.193,0.128,3.908197,2.813713,2.470975,2.368421,1.094483863
amelia,white,F,61.731,22.096,5.467,10.706,0,0,3.433834,2.626031,2.840391,2.492915,0.593443074
amit,hispanic,M,24.893,0,0.429,73.82,0.858,0,2.271925,2.727567,2.822333,2.386119,0.094766751
amy,white,F,95.56,0.992,0.358,2.844,0.143,0.102,4.027054,2.393561,2.511653,2.590964,1.43609005
ana,white,F,23.43,73.249,0.906,2.295,0,0.121,3.581683,2.43224,3.142079,2.703905,0.439603526
andre,black,M,56.928,5.509,33.723,3.339,0.167,0.334,3.012285,3.353797,2.697294,2.153442,0.341512783
andrea,white,F,89.751,4.27,4.911,0.807,0.214,0.047,3.457084,2.804311,2.711043,2.347024,0.65277332
andres,hispanic,M,12.656,83.817,0.415,2.905,0.207,0,2.692593,2.980349,3.442995,2.172341,0.462645684
andrew,white,M,93.212,1.882,1.69,3.07,0.11,0.037,3.771646,2.57886,2.481506,2.5794,1.192245901
andy,white,M,52.793,6.306,1.622,38.559,0.721,0,3.899984,2.124647,2.366216,2.372267,1.52771696
angel,hispanic,M,22.635,69.144,3.716,4.279,0.225,0,3.028016,3.118354,3.467566,2.595484,0.349212633
angela,white,F,85.619,4.851,7.167,1.975,0.187,0.202,3.53432,2.698069,3.186975,2.391061,0.34734452
angelia,white,F,74,4,20,1,0,1,3.314946,2.953751,3.24941,2.259818,0.065536759
angelica,white,F,24.724,71.302,0.442,3.311,0.221,0,3.34402,2.910622,3.088384,2.441292,0.255636325
angelina,hispanic,F,50.342,34.247,3.425,10.959,0.685,0.342,3.492061,2.775567,3.58644,2.436519,0.094378655
angelita,hispanic,F,16.279,39.535,4.651,38.372,0,1.163,2.736576,2.931279,3.757859,2.308721,0.826579499
angelo,hispanic,M,84.774,10.494,3.086,1.44,0.206,0,2.78628,2.40934,3.810598,2.000159,1.024318309
angie,white,F,77.573,10.29,2.639,9.499,0,0,3.727255,2.617804,2.72915,2.464445,0.998105438
anita,hispanic,F,76.835,6.64,7.738,8.288,0.399,0.1,3.036831,2.889928,3.04106,2.218371,0.00422888
ann,white,F,94.855,0.912,1.573,2.446,0.097,0.116,3.872117,2.755796,2.570234,2.647678,1.116321444
anna,white,F,84.762,7.439,2.211,5.378,0.09,0.12,3.838847,2.668365,2.81149,2.529844,1.027356156
annette,white,F,82.37,6.135,9.708,1.549,0.179,0.06,3.610458,2.990509,2.602175,2.201192,0.619948487
annie,white,F,44.954,3.517,30.887,20.031,0.153,0.459,3.827116,2.61435,2.366285,2.657678,1.169438376
anthony,white,M,84.161,5.099,7.199,3.154,0.174,0.213,3.37643,3.069345,3.043744,2.342865,0.307085021
antoine,black,M,53.846,2.885,40.385,2.885,0,0,2.857333,3.382658,3.032953,2.188091,0.349704329
antoinette,black,F,76.238,5.941,15.446,1.584,0.198,0.594,3.030963,3.06445,2.669129,2.088939,0.033486734
antonia,hispanic,F,42.491,47.253,5.495,3.663,0.733,0.366,2.4798,2.834796,3.656001,1.975669,0.821204657
antonio,hispanic,M,31.603,56.336,5.242,6.616,0,0.204,2.761509,2.714434,3.639018,2.183335,0.877509417
april,white,F,88.448,2.708,6.739,1.685,0.301,0.12,4.162994,2.624117,2.402793,2.297769,1.538876852
araceli,hispanic,F,8.901,84.817,0,5.759,0.524,0,2.22645,2.692215,3.039745,2.414134,0.34752955
archie,white,M,63.433,2.239,29.104,2.985,0,2.239,3.620354,2.071333,2.266859,2.067027,1.353495341
ariel,white,F,45.699,40.86,2.151,11.29,0,0,3.782842,2.456028,2.751332,2.761093,1.021748788
arlene,white,F,84.852,4.67,5.581,4.67,0.228,0,3.682587,2.438366,2.265838,2.073755,1.24422127
armando,hispanic,M,9.838,84.06,0.249,5.729,0.125,0,2.234517,2.44198,3.763193,2.157557,1.321213215
arnold,white,M,78.211,7.48,7.317,6.992,0,0,3.708834,2.420129,2.273938,2.120825,1.288705287
arnulfo,hispanic,M,2.041,89.796,0,8.163,0,0,2.109393,2.590023,3.793554,2.267568,1.203530421
arthur,white,M,83.115,6.168,7.099,3.377,0.103,0.138,3.553575,2.984091,2.389434,2.492003,0.569484671
arturo,hispanic,M,7.972,87.133,0,4.755,0,0.14,2.495344,2.682613,3.557928,2.118564,0.875315258
asha,black,F,19.512,0,8.537,71.951,0,0,2.47242,3.548099,2.827229,2.745026,0.720869816
ashley,white,F,93.699,1.629,3.601,0.986,0.086,0,3.916224,2.650275,2.235952,2.193008,1.265949167
audrey,white,F,84.722,1.786,10.714,2.381,0.298,0.099,3.893582,2.498203,2.32813,2.039504,1.395378617
aurora,black,F,25.98,50.98,2.451,20.588,0,0,2.821053,3.083939,2.70376,2.42648,0.262886247
austin,white,M,89.086,0.254,5.076,5.076,0,0.508,3.788115,2.35848,2.143129,2.190641,1.429635541
barbara,white,F,93.068,1.626,4.551,0.583,0.093,0.078,3.871284,2.855066,2.332099,2.32459,1.016217771
barry,white,M,95.149,0.596,2.903,1.034,0.119,0.199,3.465959,2.700908,2.409767,2.286123,0.765051396
beatrice,white,F,61.957,14.13,19.293,3.804,0.815,0,3.381154,2.959077,2.65396,2.281215,0.422077079
beatriz,hispanic,F,16.479,79.026,0.749,3.745,0,0,3.004713,2.844594,3.096272,2.125886,0.091559424
becky,white,F,93.498,2.081,0.78,3.511,0,0.13,4.125357,2.121948,2.369357,2.280283,1.756000173
belinda,white,F,70.295,10.148,14.207,4.613,0,0.738,3.522476,2.511504,2.800268,1.850674,0.722208645
ben,white,M,77.129,3.312,3.628,15.615,0,0.315,3.891868,2.639294,2.001323,2.286002,1.252573679
benito,hispanic,M,8.824,80.147,0.735,10.294,0,0,2.543435,2.317311,3.593454,2.251946,1.050019258
benjamin,white,M,85.184,6.876,2.906,4.679,0.165,0.189,3.66665,2.68149,2.396602,2.431497,0.985160074
bennie,white,M,61.486,4.73,32.432,0.676,0,0.676,3.456016,2.750447,2.759975,2.324928,0.696041256
benny,white,M,61.611,9.005,5.687,21.327,1.422,0.948,3.775368,2.756442,2.49252,2.258466,1.01892595
benson,white,M,40.426,0,6.383,53.191,0,0,3.22089,3.077362,2.195199,2.151238,0.143527819
bernadette,white,F,75,8.482,8.929,6.845,0.298,0.446,3.671287,2.67174,2.219438,1.988438,0.999547645
bernard,white,M,84.486,1.768,10.209,3.376,0,0.161,3.467746,3.049191,2.414813,2.287516,0.418554691
bernardo,hispanic,M,9.023,72.18,2.256,16.541,0,0,2.227042,2.49118,3.832116,2.078511,1.340936187
bernice,white,F,65.204,5.956,26.332,2.508,0,0,3.182364,2.880904,2.336468,1.876683,0.301460073
bertha,white,F,25.285,61.503,12.073,0.911,0.228,0,3.177989,2.77754,2.523933,1.966599,0.400449565
beth,white,F,98.566,0.518,0.358,0.438,0,0.119,3.917016,2.626628,2.515074,2.266875,1.290388284
betty,white,F,82.296,2.957,10.47,3.965,0.139,0.174,3.839898,2.474998,2.296203,1.958905,1.364899925
beverly,white,F,87.855,1.535,9.142,1.134,0.133,0.2,3.885358,2.728817,2.221512,2.099993,1.156541308
bianca,hispanic,F,58.407,34.513,6.195,0.885,0,0,3.052026,3.051876,3.424326,2.525511,0.372300544
bill,white,M,83.898,2.712,2.712,10.339,0.169,0.169,3.841116,2.903045,2.009354,2.070639,0.938071215
billy,white,M,84.301,2.983,7.849,4.003,0.392,0.471,3.962117,2.539114,2.212208,2.254151,1.423003593
blanca,hispanic,F,7.975,91.207,0.204,0.613,0,0,2.527258,2.766046,3.376476,2.161397,0.610429712
bo,white,M,24.627,0,0,73.881,0.746,0.746,3.379826,2.78192,2.270378,2.488415,0.597905474
bob,white,M,85.547,1.172,2.734,10.156,0.391,0,3.815916,2.633722,2.341927,2.05747,1.182194227
bobbie,white,F,80.835,1.72,15.725,0.491,0.737,0.491,3.950919,2.646075,2.284982,2.0932,1.304844522
bobby,white,M,78.122,2.923,13.729,4.252,0.354,0.62,3.775524,2.816204,2.577603,2.321757,0.959320008
bonnie,white,F,96.683,0.803,1.047,1.327,0.07,0.07,3.84453,2.598284,2.320262,2.26726,1.246245884
brad,white,F,97.908,0.349,0.976,0.349,0.418,0,4.256614,2.2793,2.202401,2.160271,1.977313851
bradley,white,M,98.867,0.221,0.193,0.525,0.138,0.055,3.865231,2.471643,2.339467,2.351609,1.393587607
brandi,white,F,90.875,2.607,5.773,0.372,0,0.372,3.759062,2.983182,2.355757,2.220396,0.775879975
brandon,white,M,91.981,1.678,3.767,2.126,0.298,0.149,3.730723,2.804845,2.401807,2.271785,0.925877377
brandy,white,F,90.716,3.482,3.482,0.967,0.387,0.967,3.604838,2.773707,2.433521,2.304792,0.831131482
brenda,white,F,84.464,4.886,9.126,1.114,0.195,0.215,3.68819,2.742614,2.320902,2.243005,0.945575503
brent,white,M,97.249,0.806,0.996,0.712,0.19,0.047,3.987633,2.49819,2.122425,2.018811,1.489443036
brett,white,M,98.36,0.359,0.871,0.256,0.103,0.051,3.873181,2.396036,2.240657,2.146569,1.47714451
brian,white,M,96.182,0.716,1.338,1.59,0.098,0.076,3.934742,2.886147,2.260012,2.339875,1.048595382
bridgette,white,F,72.308,2.308,23.846,0.769,0.769,0,3.836996,2.6212,2.437034,2.218621,1.215796578
brittany,white,F,95.079,0.703,3.339,0.879,0,0,3.995244,2.53409,2.294735,2.214139,1.461154417
brooke,white,F,97.312,0.672,1.344,0.403,0.134,0.134,3.782768,2.477199,2.43159,2.123289,1.305568414
bruce,white,M,95.568,0.617,2.113,1.384,0.206,0.112,3.659884,2.380134,2.042151,2.392882,1.267002371
bryan,white,M,93.625,1.356,2.116,2.821,0.027,0.054,3.819183,2.756052,2.003731,2.103407,1.063131444
bryant,white,M,73.262,4.278,15.508,6.952,0,0,3.577275,2.577981,2.208503,2.236036,0.999293758
byron,black,M,77.419,6.961,11.375,4.075,0.17,0,3.192737,3.279802,2.39924,2.235271,0.087064395
calvin,white,M,58.611,0.668,25.768,14.686,0.134,0.134,3.348142,3.001408,1.986082,2.234698,0.346733745
cameron,white,F,94.937,0.542,2.532,1.627,0.362,0,3.656885,2.936425,2.481429,2.348432,0.720460615
candace,white,F,90.773,0.748,7.107,1.122,0.249,0,3.63283,2.913086,2.489984,2.012512,0.719743709
candice,white,F,86.778,2.607,6.145,3.724,0.186,0.559,3.628956,2.569171,2.30228,2.175415,1.059785437
candy,white,F,86.473,5.314,2.899,4.831,0.483,0,3.510557,2.607741,2.196103,2.239617,0.902815544
carl,white,M,90.331,0.978,6.935,1.41,0.115,0.23,3.758258,3.06079,2.600934,2.073238,0.697467896
carla,white,F,86.366,4.991,7.912,0.426,0.061,0.243,3.346495,2.848714,3.22486,2.49233,0.121634433
carlos,hispanic,M,13.352,82.705,1.73,2.041,0.069,0.104,2.307435,2.640307,3.809763,1.908831,1.169456132
carlton,black,M,69.039,1.068,28.826,1.068,0,0,3.174199,3.253906,2.252353,2.116403,0.079706883
carmelita,hispanic,F,27.632,13.158,9.211,48.684,0,1.316,2.549572,2.469077,4.035546,2.216482,1.48597412
carmen,hispanic,F,41.099,51.016,5.018,2.688,0.06,0.119,3.04084,2.636461,3.460866,2.436321,0.42002595
carol,white,F,94.481,1.446,2.561,1.258,0.121,0.132,3.875437,2.670853,2.313689,2.417735,1.204583235
carolina,white,F,23.967,64.876,1.24,9.917,0,0,3.524184,2.715213,3.104052,2.178441,0.42013201
caroline,white,F,89.482,2.948,2.869,4.303,0.159,0.239,3.834834,2.619228,2.25379,2.313149,1.215605395
carolyn,white,F,89.429,1.364,7.928,1.066,0.043,0.171,3.953346,2.569111,2.282205,2.318643,1.384235516
carrie,white,F,95.22,1.048,2.264,1.216,0.126,0.126,3.659106,2.372948,2.568136,2.252119,1.090969859
cary,white,M,90.78,1.418,2.128,4.965,0,0.709,3.718934,2.551693,2.185181,2.346849,1.167240318
casey,white,M,95.317,0.607,1.561,2.342,0.087,0.087,3.921655,2.595736,2.357675,2.209247,1.325918918
cassandra,white,F,75.725,2.748,20,1.527,0,0,3.091667,2.866898,2.946952,2.337659,0.14471497
catherine,white,F,93.319,1.555,2.341,2.563,0.154,0.068,3.80325,2.666131,2.433508,2.296833,1.137119181
cathy,white,F,91.756,2.047,3.071,2.909,0.054,0.162,3.912395,2.447238,2.227385,2.262016,1.465156505
cecil,white,M,79.141,1.534,17.485,1.534,0,0.307,3.290216,2.920566,2.501537,2.365171,0.369650522
cecilia,hispanic,F,48.011,37.358,2.273,12.074,0.142,0.142,3.163676,2.629503,3.328248,2.456195,0.164572289
cedric,black,M,27.273,0,62.121,9.091,0,1.515,2.538267,3.52784,2.526932,2.16871,0.989573014
celeste,white,F,83.463,5.943,5.943,4.393,0.258,0,3.261718,2.967056,2.607155,2.380225,0.294662146
celia,hispanic,F,51.275,40.793,2.833,4.816,0,0.283,3.155742,2.902054,3.271118,2.284769,0.115376653
celina,hispanic,F,36,57.333,2.667,4,0,0,2.707162,2.678874,3.319302,2.3602,0.612139583
cesar,hispanic,M,7.048,83.847,0.147,8.957,0,0,2.572234,2.391921,3.584757,2.313868,1.012522459
chad,white,M,97.716,0.444,0.793,0.825,0.19,0.032,3.960637,2.613713,2.240406,2.257781,1.346923934
chandra,black,F,57.216,1.031,12.371,28.866,0.515,0,2.525627,3.435959,2.552638,2.291295,0.883321543
charlene,white,F,86.21,1.595,9.568,2.064,0.188,0.375,3.88436,2.750315,2.251638,2.14222,1.134044656
charles,white,M,91.379,1.23,5.547,1.494,0.16,0.191,3.878605,2.901476,2.308011,2.297785,0.977129543
charlie,white,M,54.372,7.104,23.224,15.027,0.273,0,3.797186,2.866516,2.373873,2.542137,0.930670005
charlotte,white,F,89.495,1.363,6.897,1.363,0.401,0.481,3.746979,2.785877,2.298847,2.332481,0.961102566
chelsea,white,F,95,1.538,1.154,2.308,0,0,3.846693,2.666063,2.448006,2.234443,1.180629662
cherry,white,F,63.529,1.176,11.765,20,2.353,1.176,3.167167,2.904198,2.425693,2.429801,0.262968714
cheryl,white,F,92.764,0.659,5.224,1.099,0.085,0.169,3.868084,2.723129,2.459177,2.10769,1.144954695
chester,white,M,85.714,0.739,8.867,4.187,0.493,0,3.845424,2.608784,2.44547,2.198336,1.236640248
chris,white,M,91.68,2.2,1.6,4.28,0.12,0.12,3.568243,2.99745,2.276858,2.628361,0.570792656
christian,white,M,85.064,10.794,1.833,1.969,0.068,0.272,3.820605,2.736703,2.96917,2.544837,0.851434759
christina,white,F,88.524,6.349,1.773,2.947,0.264,0.144,3.646153,2.649841,3.076547,2.536984,0.569606004
christine,white,F,93.444,1.904,1.386,3.097,0.06,0.108,3.939685,2.510905,2.534351,2.459719,1.405333972
christopher,white,M,94.544,1.786,1.998,1.401,0.125,0.144,3.824983,3.127088,2.333414,2.328647,0.69789542
christy,white,F,94.651,1.242,1.146,2.674,0,0.287,3.787287,2.38372,2.57223,2.53575,1.215056424
chuck,white,M,80,0.87,0.87,17.391,0,0.87,3.931073,2.685474,2.128478,2.146203,1.245599204
cindy,white,F,89.747,3.343,0.854,5.906,0.111,0.037,3.794522,2.54451,2.25406,2.472534,1.250011926
clara,white,F,60.233,20.233,14.884,4.651,0,0,3.630425,2.56209,2.807822,2.288499,0.822603259
clarence,white,M,67.129,0.416,27.462,4.438,0.277,0.277,3.362459,3.151965,2.245459,2.209388,0.210493426
claudia,white,F,64.054,30.784,3.697,1.02,0.191,0.255,3.334934,2.755237,2.747541,2.402819,0.579696336
clayton,white,M,93.613,0.336,2.689,2.689,0.336,0.336,3.413854,3.035846,2.136679,2.204721,0.378007825
cleveland,black,M,37.209,0,60.465,2.326,0,0,2.707476,3.068933,2.129578,2.131471,0.361456907
clifford,white,M,90.561,0.255,5.782,3.316,0.085,0,3.370411,2.900552,2.110721,2.106449,0.469859856
clifton,white,M,74.928,0.865,20.749,2.305,0.288,0.865,3.556238,3.025212,2.273829,2.288669,0.531025447
clinton,white,M,88.218,0.604,9.215,1.813,0,0.151,3.80902,3.069598,2.117852,2.131677,0.739421934
clyde,white,M,83.23,1.035,11.801,3.313,0.414,0.207,3.692446,3.07585,1.997362,2.063796,0.616595579
cody,white,M,96.781,0.604,1.207,1.006,0.201,0.201,3.814145,2.457213,2.245006,2.334183,1.356932232
colleen,white,F,97.789,0.592,0.711,0.671,0.197,0.039,3.629292,2.541506,2.274704,2.348294,1.087785803
connie,white,F,89.976,3.236,2.013,4.578,0.118,0.079,3.76124,2.60894,2.492098,2.544345,1.152299497
consuelo,hispanic,F,14.286,75.824,1.648,8.242,0,0,2.180338,1.994626,3.875198,2.139563,1.694860741
corey,white,M,89.42,0.46,8.188,1.288,0.276,0.368,3.587435,2.899527,2.591964,2.328413,0.687908267
corina,hispanic,F,60,35.652,1.739,2.609,0,0,2.972672,3.090374,3.148622,2.55572,0.058248529
cornelius,black,M,68.613,1.46,29.197,0.73,0,0,3.069166,3.101746,2.557865,2.167138,0.032580517
cornell,black,M,27.027,5.405,64.865,0,0,2.703,2.827428,3.197835,2.568195,2.322486,0.370407349
cory,white,M,94.566,0.627,2.821,1.776,0.104,0.104,3.649096,2.814682,2.22215,2.429283,0.834414079
courtney,white,F,92.969,0.083,5.624,0.827,0.165,0.331,3.754081,2.590845,2.127086,2.221097,1.163236094
craig,white,M,96.296,0.374,2.151,1.029,0.019,0.131,3.812272,2.623946,2.226295,2.299474,1.188326202
cristina,white,F,50.649,36.92,1.299,10.946,0,0.186,3.52864,2.530711,2.876687,2.50242,0.651952268
cruz,hispanic,M,2.778,97.222,0,0,0,0,2.552295,2.230249,3.333203,2.400581,0.780907787
crystal,white,F,82.32,5.041,10.014,2.072,0.138,0.414,3.560077,3.105763,2.681268,2.379872,0.454314322
curtis,white,M,85.774,0.571,10.903,2.129,0.104,0.519,3.300978,2.981732,2.055568,2.2286,0.319245657
cynthia,white,F,89.131,3.773,4.88,1.941,0.11,0.165,3.712156,2.812542,2.577072,2.292199,0.899614155
daisy,white,F,29.057,36.981,10.943,22.264,0,0.755,3.748223,2.685062,2.455965,2.33793,1.063160951
dale,white,M,96.415,0.489,1.858,1.043,0.098,0.098,3.561272,2.393604,2.273804,2.127588,1.167667207
damaris,black,F,20.339,72.881,1.695,1.695,1.695,1.695,2.184788,3.49093,2.704147,2.130783,0.786783818
damian,black,M,72.851,18.1,7.24,1.81,0,0,3.108014,3.151182,2.918644,2.325432,0.043168005
damon,black,M,79.157,2.342,14.52,3.279,0.234,0.468,3.204444,3.402703,2.672163,2.310382,0.198259222
dan,white,M,87.21,1.795,1.122,9.648,0.224,0,3.893381,2.456067,2.314082,2.430738,1.437313629
dana,white,F,94.941,0.751,3.427,0.685,0.098,0.098,3.590054,2.71761,2.641093,2.202052,0.872444898
daniel,white,M,90.491,6.189,1.15,1.859,0.172,0.139,3.776694,2.527293,2.479489,2.715564,1.06113023
danielle,white,F,93.064,1.927,4.383,0.385,0.241,0,3.651516,2.734316,2.9329,2.41745,0.718616612
danny,white,M,79.774,5.801,3.542,10.318,0.257,0.308,3.716595,2.58816,2.813757,2.345436,0.902838174
dante,black,M,59.504,15.702,8.264,15.702,0,0.826,2.679497,3.495473,2.776834,2.2464,0.718639804
daphne,white,F,67.647,1.961,18.137,11.765,0,0.49,3.267586,2.533095,2.419824,2.216259,0.734491704
darius,black,M,64.865,0,32.432,2.703,0,0,2.515784,3.644012,2.465293,2.109856,1.128227587
darlene,white,F,86.738,2.867,8.781,1.254,0.299,0.06,3.83671,2.918364,2.222707,2.21913,0.918346031
darnell,black,M,17.808,0,82.192,0,0,0,2.533055,3.458832,2.378582,2.09311,0.92577674
darrell,black,M,87.267,1.104,9.762,1.188,0.424,0.255,3.090968,3.798648,2.218365,2.140713,0.707679829
darren,white,M,89.984,1.131,4.604,3.877,0.242,0.162,3.396413,3.086581,2.390947,2.211524,0.309831283
darryl,white,M,69.016,0.665,26.064,3.324,0.532,0.399,3.539371,3.250074,2.251305,2.188573,0.289297104
darwin,white,M,73.585,10.063,5.66,10.063,0.629,0,3.177603,2.731361,2.243503,2.315443,0.44624191
dave,white,M,82.813,2.455,5.134,8.929,0.223,0.446,3.988802,2.645467,2.404572,2.370526,1.34333552
david,white,M,92.808,3.223,1.393,2.393,0.106,0.077,3.824334,2.850154,2.468501,2.523294,0.974180628
davis,white,M,70.13,2.597,11.688,15.584,0,0,3.267345,2.910773,2.043693,2.208352,0.356571999
dawn,white,F,95.147,0.855,3.017,0.779,0.126,0.075,3.992528,2.688518,2.285494,2.321031,1.304009452
dean,white,M,94.986,0.644,0.782,3.404,0.046,0.138,3.836125,2.376279,2.282748,2.190711,1.459845999
deanna,white,F,91.957,2.246,3.623,1.667,0.29,0.217,3.40209,2.811607,2.52509,2.145091,0.590482761
debbie,white,F,87.408,4.173,4.539,3.294,0.366,0.22,3.897287,2.298892,2.264076,2.123809,1.598395162
deborah,white,F,93.945,1.493,3.652,0.676,0.094,0.141,3.803916,2.869817,2.574721,2.207732,0.934098728
delia,white,F,31.081,55.405,3.041,10.135,0,0.338,3.165412,2.895644,2.939425,2.573242,0.225986282
delores,white,F,68.776,2.743,27.004,0,0.844,0.633,3.558177,2.939776,2.89041,2.326271,0.61840061
demetria,black,F,36.585,17.073,41.463,4.878,0,0,2.494439,3.558188,2.657366,2.059218,0.900822567
demetrius,black,M,22,8,70,0,0,0,2.557485,3.445866,2.348575,2.050419,0.888381579
denise,white,F,90.212,3.006,5.414,1.137,0.077,0.154,3.689999,2.854693,2.546614,2.470298,0.835305939
dennis,white,M,93.49,1.51,1.927,2.838,0.117,0.117,3.959597,2.614783,2.008874,2.237472,1.344814016
denny,white,M,80.488,4.065,0,14.634,0,0.813,3.695877,2.561416,2.345209,2.199016,1.134461714
derek,white,M,90.424,0.785,4.082,4.396,0.209,0.105,3.670822,2.834958,2.222882,2.17771,0.835863612
derrick,white,M,55.351,3.01,35.117,5.686,0.502,0.334,3.488448,3.0423,2.367518,2.100832,0.446147957
desiree,black,F,71.429,11.55,12.462,3.343,0.304,0.912,2.804075,3.625957,2.641158,2.339195,0.821882089
desmond,black,M,49.474,7.368,35.789,6.316,0,1.053,2.552835,3.456801,2.490243,2.331864,0.903965772
devin,white,M,89.164,1.238,5.882,3.406,0.31,0,3.275674,3.132869,2.392626,2.306888,0.142804854
dewayne,black,M,73.451,0,24.779,0.885,0,0.885,2.705504,3.673712,2.25412,2.226441,0.96820852
dexter,white,M,36.923,3.077,41.538,17.692,0,0.769,3.557124,2.603892,2.246941,2.14421,0.953232224
diana,white,F,83.591,11.142,1.903,2.923,0.248,0.193,3.522463,2.674107,2.65711,2.415853,0.848356091
diane,white,F,94.47,1.643,2.464,1.246,0.096,0.082,3.745993,2.696788,2.385871,2.418808,1.049204429
diego,hispanic,M,15.152,83.333,0,1.01,0,0.505,2.462666,2.506443,3.8185,2.094115,1.312057206
dionne,black,F,53.846,3.846,39.744,2.564,0,0,2.611106,3.023349,2.46288,2.165561,0.412242639
dolly,white,F,62.338,2.597,6.494,25.974,1.299,1.299,3.90131,2.065496,2.333441,2.280084,1.567869553
dolores,white,F,70.308,21.475,4.669,3.081,0.187,0.28,3.602363,2.718294,2.823313,2.282145,0.779049709
domingo,hispanic,M,7.285,74.172,1.325,17.219,0,0,2.233204,2.69755,3.560802,2.406675,0.863251315
dominic,hispanic,M,89.199,4.878,1.568,4.355,0,0,3.115783,3.258448,3.474548,2.112229,0.21609949
dominique,hispanic,F,72.993,7.299,16.058,2.92,0,0.73,2.587273,3.292191,3.381093,2.11644,0.088901361
don,white,M,87.63,0.798,3.831,7.422,0.239,0.08,3.890027,2.806199,2.571211,2.691607,1.083827137
donald,white,M,95.057,0.722,3.251,0.722,0.166,0.083,3.798931,2.777902,2.068912,2.029443,1.021028947
donna,white,F,95.083,1.126,2.609,0.937,0.1,0.145,3.80055,2.881307,2.463232,2.4263,0.919242548
donnell,black,M,47.917,0,52.083,0,0,0,2.955863,3.562941,2.577207,2.015516,0.607078256
donnie,white,M,83.197,0.82,13.115,2.049,0.82,0,3.642748,2.804304,2.437895,2.080576,0.838444091
donny,white,M,78.846,0,7.692,13.462,0,0,3.735241,2.714144,2.531682,2.181974,1.021097335
dora,hispanic,F,38.86,48.446,7.772,4.663,0.259,0,3.206927,2.446038,3.442515,2.393658,0.23558805
doris,white,F,76.276,6.306,13.438,3.378,0.225,0.375,3.691226,2.738776,2.465856,2.26753,0.952450391
dorothy,white,F,82.86,1.71,13.175,1.671,0.35,0.233,3.734017,2.800975,2.080521,2.402448,0.933042206
douglas,white,M,96.767,0.788,1.211,1.011,0.082,0.141,3.759725,2.958699,2.437101,2.128808,0.801026702
duane,black,M,92.188,0.608,5.556,1.389,0.174,0.087,2.808161,3.254333,2.308586,2.229677,0.446172637
duke,white,M,61.702,4.255,0,31.915,0,2.128,3.659101,2.601182,2.225466,2.177423,1.057918661
dustin,white,M,97.116,0.848,0.254,1.187,0.424,0.17,3.863147,2.413161,1.975395,2.188107,1.449985845
dwayne,black,M,74.795,0.82,23.156,0.82,0.41,0,3.220912,3.452269,2.2868,2.182481,0.231356647
dwight,white,M,79.006,1.122,16.667,3.045,0,0.16,3.508408,2.908194,2.043508,1.989448,0.600213763
dylan,white,M,94.059,0.99,1.485,3.465,0,0,3.682031,2.573878,2.191518,2.388383,1.108153496
earl,white,M,83.828,0.716,13.408,1.842,0.102,0.102,3.511955,2.850063,2.2912,2.214315,0.661892388
earnest,white,M,56.18,0,40.449,2.247,0,1.124,3.490693,2.818581,2.679456,2.129882,0.672111883
ebony,black,F,5.172,3.448,87.931,1.724,1.724,0,2.011937,3.666268,2.379904,2.022831,1.28636386
eddie,white,M,50.144,12.536,24.64,12.248,0.144,0.288,3.658232,2.962746,2.702948,2.479802,0.695486336
edgar,white,M,38.778,50.059,3.878,6.58,0.47,0.235,3.362461,2.690661,3.13212,2.535741,0.230340475
edgardo,hispanic,M,10.484,50.806,0,38.71,0,0,2.394383,2.727132,3.946796,2.105227,1.219664076
edith,white,F,69.551,16.667,9.455,4.006,0.16,0.16,3.769328,2.654753,2.19839,2.101125,1.114575455
edmond,white,M,73.659,2.927,7.805,15.61,0,0,3.432331,2.780729,2.536133,2.296336,0.651602357
edmund,white,M,83.7,4.846,4.185,7.048,0,0.22,3.5491,2.88396,2.72913,2.173926,0.665139587
edna,white,F,61.087,11.957,12.609,13.478,0.435,0.435,3.549576,2.841435,2.700729,2.278288,0.708141046
eduardo,hispanic,M,10.428,78.814,0.329,10.318,0,0.11,2.281092,2.221651,3.763192,2.151281,1.482100255
edward,white,M,89.221,4.144,3.422,2.937,0.148,0.129,3.754635,2.739532,2.893746,2.321033,0.860888573
edwin,white,M,67.41,19.675,4.665,7.978,0.068,0.203,3.567968,2.800993,2.72923,2.435783,0.76697553
efrain,black,M,5.634,93.427,0,0.939,0,0,2.390751,3.064766,3.027406,2.263497,0.037359846
eileen,white,F,94.485,2.068,0.935,2.314,0.098,0.098,3.813451,2.646195,2.520609,2.43672,1.167255674
elaine,white,F,87.775,2.073,4.484,5.499,0.085,0.085,3.778228,2.613793,2.339669,2.344861,1.164434859
eleanor,white,F,82.603,3.536,7.355,6.223,0,0.283,3.635244,2.601356,2.414036,2.259351,1.033887574
elena,white,F,65.028,27.107,0.983,6.461,0.14,0.281,3.648235,2.607067,3.173641,2.427041,0.474593768
elias,hispanic,M,43.73,48.232,4.502,3.215,0.322,0,2.795984,3.002409,3.187588,2.185715,0.1851792
elijah,black,M,55.102,3.061,36.735,4.082,0,1.02,2.983621,3.089832,2.676579,2.19221,0.10621083
elisa,white,F,65.842,25.495,1.98,6.436,0.248,0,3.373963,2.725171,2.973476,2.496264,0.400487279
eliseo,hispanic,M,1.942,87.379,0,10.68,0,0,2.267318,2.631541,3.410229,2.444912,0.778688073
elizabeth,white,F,90.547,5.967,1.523,1.759,0.102,0.102,3.611212,2.547642,2.532489,2.151336,1.063569696
ella,white,F,67.511,1.688,25.738,3.797,1.266,0,3.466873,2.791574,3.023184,2.421811,0.443688966
ellen,white,F,94.971,0.729,1.239,2.915,0.109,0.036,3.80302,2.340811,2.329856,2.329093,1.462209793
elmer,white,F,63.75,20.937,7.5,6.875,0.625,0.313,3.443253,2.70039,2.671693,2.121755,0.742862284
eloy,black,M,7.143,88.095,1.19,2.381,1.19,0,2.422821,2.711337,2.669645,2.448541,0.041691631
elsa,white,F,32.99,56.014,4.124,6.529,0.344,0,3.197299,2.38063,2.811561,2.336746,0.385737678
elva,hispanic,F,27.068,71.429,0.752,0.752,0,0,3.046563,2.748301,3.249511,2.454831,0.202947808
elvia,hispanic,F,7.246,89.13,2.899,0.725,0,0,2.607519,2.959689,3.484296,2.419867,0.524607163
elvira,hispanic,F,30.962,50.209,3.766,14.644,0,0.418,2.989142,2.774639,3.137593,2.139097,0.148450395
elvis,white,M,21.429,44.048,23.81,9.524,0,1.19,3.524587,2.366924,2.573954,2.109337,0.9506329
emilio,hispanic,M,21.026,74.359,1.026,3.077,0,0.513,2.302427,2.393992,3.623457,2.083213,1.229465578
emily,white,F,92.026,1.673,1.709,4.201,0.142,0.249,3.874425,2.242067,2.49856,2.535403,1.339021821
emma,white,F,54.511,24.436,14.098,6.203,0.752,0,3.912463,2.504308,2.417771,2.281318,1.408154739
emmanuel,hispanic,M,28.475,24.746,27.458,19.322,0,0,2.729683,2.722631,3.93155,2.026076,1.201867149
enrique,hispanic,M,6.383,89.362,0,4.255,0,0,2.120689,2.209815,3.939495,1.872328,1.729680289
eric,white,M,89.53,2.97,3.727,3.496,0.129,0.148,3.684838,2.825609,2.640147,2.360099,0.859229107
erica,white,F,80.057,9.335,8.699,1.627,0.212,0.071,3.388377,2.913926,2.741598,2.460386,0.474451513
erick,white,M,61.875,30,4.063,3.75,0.313,0,3.818608,2.611812,2.564072,2.484134,1.206796645
erika,white,F,73.523,18.46,6.224,1.266,0.105,0.422,3.465018,2.98647,2.571479,2.29891,0.478547978
erin,white,F,97.949,0.938,0.469,0.439,0.117,0.088,3.962376,2.431454,2.281473,2.345832,1.530922173
erlinda,hispanic,F,13.077,10,0,76.154,0,0.769,2.416436,3.16468,3.323594,2.269316,0.158913613
ernest,white,M,75.252,9.281,11.871,3.094,0.288,0.216,3.537051,2.646784,2.718132,2.227432,0.81891937
ernesto,hispanic,M,7.666,77.7,0.871,13.763,0,0,2.33862,2.453416,4.002113,2.239318,1.548697345
ernie,white,M,59.398,24.06,3.008,12.03,0.752,0.752,3.655399,2.902533,2.592165,2.254437,0.752865073
erwin,white,M,55.414,13.376,5.096,25.478,0,0.637,3.249053,2.909128,2.458023,2.223343,0.339924938
esmeralda,hispanic,F,9.701,82.836,1.493,5.97,0,0,2.24666,2.699147,3.690432,2.158305,0.991284534
esperanza,hispanic,F,8.134,84.211,0.478,7.177,0,0,2.240179,2.120283,4.235268,1.921195,1.995089
esteban,hispanic,M,7.865,89.326,0,2.809,0,0,2.088458,2.504731,3.905385,2.062076,1.400653493
estela,hispanic,F,10.828,82.166,0.637,5.732,0,0.637,2.754205,2.69255,3.705501,2.223942,0.951296708
estella,hispanic,F,28.421,52.632,12.632,5.263,0,1.053,2.823355,2.783286,3.552228,2.469736,0.728872757
esther,white,F,52.961,25.513,10.364,10.364,0.569,0.228,3.372265,2.650978,2.762769,2.291058,0.609495804
ethan,white,M,94.163,1.556,0.389,3.502,0,0.389,3.883951,2.643854,2.357452,2.385952,1.240096498
ethel,white,F,60.791,4.317,28.777,5.036,0.719,0.36,3.662499,2.518557,2.453508,2.049992,1.143942378
eugene,white,M,84.651,2.741,6.67,5.71,0.046,0.183,3.297835,2.912566,2.625386,2.197892,0.385268463
eunice,white,F,43.694,11.261,22.523,21.622,0.901,0,3.142746,2.567008,2.462109,2.166723,0.575738246
eva,white,F,67.595,20.824,5.234,5.902,0.223,0.223,3.37245,2.604698,3.095586,2.419979,0.276864037
evan,white,M,94.931,1.69,1.229,1.997,0,0.154,3.561153,2.481762,2.519737,2.477638,1.041415768
evangeline,hispanic,F,41.727,12.95,7.914,35.971,0.719,0.719,2.751596,2.793102,2.801314,2.265366,0.008211529
evelyn,white,F,66.497,13.706,11.313,7.832,0.218,0.435,3.379513,2.617964,2.722722,2.365987,0.656791024
fabian,hispanic,M,23.009,66.372,7.08,3.54,0,0,2.77757,2.411591,3.158125,2.200228,0.38055443
fatima,black,F,48.592,21.127,7.042,21.127,1.408,0.704,2.456236,3.314575,3.074206,2.615359,0.240369041
federico,hispanic,M,15.385,75,0.641,8.333,0,0.641,2.258266,2.492169,3.849811,2.213694,1.357642671
felecia,hispanic,F,31.915,2.128,65.957,0,0,0,2.795894,2.859178,2.994077,2.260503,0.134898827
felicia,hispanic,F,56.027,7.589,33.259,2.455,0.446,0.223,2.900361,2.86822,3.385204,2.349032,0.48484311
felipe,hispanic,M,3.632,90.557,0.726,4.6,0.484,0,2.302884,2.307368,4.013319,2.598706,1.414613545
felix,white,M,27.579,55.952,6.944,9.127,0.397,0,3.340413,2.658985,3.31829,2.271605,0.022122942
fernando,hispanic,M,14.852,78.637,0.61,5.799,0.102,0,2.428815,2.389732,4.127873,2.2015,1.699057108
fidel,hispanic,M,4.52,90.395,1.13,3.39,0.565,0,2.418775,2.141237,3.653451,2.166555,1.234676213
flora,hispanic,F,46.961,24.309,11.05,17.68,0,0,3.103928,2.815695,3.200214,2.439069,0.096286107
florence,white,F,75.248,1.98,13.861,8.515,0.396,0,3.518516,2.740833,2.601432,2.341544,0.777683714
floyd,white,M,82.834,0.998,12.974,2.595,0.2,0.399,3.55873,3.005048,2.231473,2.125422,0.553682008
frances,white,F,83.81,6.96,5.726,2.962,0.247,0.296,3.546726,2.363405,2.845411,2.300351,0.701314676
francis,white,M,88.269,2.271,3.075,6.197,0.095,0.095,3.570725,2.703333,2.842714,2.213968,0.728010686
francisca,hispanic,F,7.576,82.828,4.04,5.556,0,0,2.608543,2.379784,3.784071,2.296533,1.1755283
francisco,hispanic,M,8.652,87.898,0.159,3.291,0,0,2.514066,2.213358,3.7187,2.423036,1.204634002
frank,white,M,86.855,7.003,2.904,2.859,0.287,0.091,3.761221,2.781035,2.560765,2.405931,0.980185849
frankie,white,M,67.598,10.615,15.642,5.587,0.559,0,3.841796,2.597211,2.785582,2.135277,1.056213153
franklin,white,M,74.827,8.99,9.129,6.639,0.138,0.277,3.479374,2.847656,2.501717,2.200414,0.631717707
fred,white,M,87.874,3.892,4.738,3.046,0.169,0.282,3.665779,2.730628,2.260333,2.09372,0.935150709
freddie,white,M,44.393,12.617,36.449,5.607,0,0.935,3.585201,3.031737,2.86844,2.520154,0.553463739
freddy,white,M,26.829,62.602,6.504,4.065,0,0,3.585128,2.890979,3.021506,2.308587,0.563621557
frederick,white,M,89.487,0.918,6.675,2.67,0.083,0.167,3.360972,2.806091,2.562169,2.03663,0.554880997
gabriel,white,M,45.956,49.286,2.188,2.284,0,0.285,3.342288,2.758504,3.141457,2.249999,0.200830763
gabriela,hispanic,F,36.395,62.585,0.34,0,0.34,0.34,3.070104,2.740571,3.830933,2.421103,0.760828723
gail,white,F,93.473,0.573,4.16,1.641,0,0.153,3.771993,2.924888,2.24655,2.133559,0.847105001
garrett,white,M,92.437,1.261,2.311,3.782,0.21,0,3.525904,2.958829,2.138123,2.187897,0.567075816
gary,white,M,95.396,0.799,1.68,1.903,0.091,0.132,4.167964,2.580379,2.272751,2.213511,1.587585722
genaro,hispanic,M,3.488,90.698,0,5.814,0,0,2.207861,2.771934,3.455774,2.33053,0.683839823
gene,white,M,89.862,1.267,4.378,4.147,0.115,0.23,3.695838,2.719631,2.216884,2.681625,0.976207768
geoffrey,white,M,95.779,0.938,0.844,2.345,0,0.094,3.607661,2.763307,2.240921,2.394411,0.844354172
george,white,M,86.945,4.708,4.891,3.088,0.194,0.173,3.819251,2.86318,2.859326,2.832299,0.956071069
georgina,white,F,48.876,41.573,6.742,2.247,0.562,0,3.298368,2.882977,2.981408,2.438121,0.316960174
gerald,white,M,93.373,1.247,3.671,1.408,0.162,0.139,3.593595,2.727454,2.199197,2.363455,0.866140908
gerardo,hispanic,M,8.458,86.235,0,5.307,0,0,2.39251,2.416195,3.590455,2.017929,1.174260096
german,white,M,15.584,81.818,0.649,1.948,0,0,2.981857,1.975437,2.399493,2.011571,0.582363787
gilbert,white,M,56.757,32.947,4.633,5.148,0.386,0.129,3.426292,2.392109,2.464644,2.21176,0.961648467
gilberto,hispanic,M,7.458,91.864,0.339,0.339,0,0,2.273857,2.253985,3.737545,1.994318,1.463688149
gina,white,F,90.301,3.814,2.542,3.202,0.094,0.047,3.540077,2.682205,2.811595,2.369289,0.728481886
gladys,white,F,41.704,34.081,18.834,5.381,0,0,3.374265,2.794708,2.380179,2.162559,0.57955621
glenda,white,F,81.477,6.008,9.512,2.503,0.375,0.125,3.445904,2.708268,2.527914,2.220179,0.737636416
glenn,white,M,91.994,0.715,3.074,3.753,0.179,0.286,3.640011,2.457341,2.312169,2.158808,1.182670033
gloria,hispanic,F,55.342,26.926,12.5,4.76,0.218,0.254,3.154771,2.800375,3.231257,2.429634,0.076486658
gonzalo,hispanic,M,6.25,92.788,0,0.962,0,0,2.060773,2.022138,3.813537,1.956132,1.752764433
gordon,white,M,92.966,0.435,1.668,4.423,0.363,0.145,3.621064,2.596955,2.103981,2.387311,1.024109022
grace,white,F,64.965,6.602,6.338,21.919,0.176,0,3.725084,2.522569,2.717528,2.515804,1.007555536
graciela,hispanic,F,14.063,85.547,0.391,0,0,0,2.013658,2.683645,3.819715,2.218133,1.136069806
grant,white,M,96.102,0.269,0.806,2.823,0,0,3.941492,2.589937,2.097064,2.182271,1.351555007
greg,white,M,94.907,1.354,1.483,2.063,0.064,0.129,3.916227,2.741987,2.605706,2.234156,1.174239715
gregorio,hispanic,M,8.805,76.73,0.629,13.836,0,0,2.930102,2.620378,3.39203,1.877307,0.461927924
gregory,white,M,93.965,1.068,3.871,0.896,0.086,0.114,3.767377,2.6816,2.3387,2.353368,1.085777279
griselda,hispanic,F,7.895,86.842,1.754,3.509,0,0,2.747509,2.873671,3.214296,2.317543,0.340625686
guadalupe,hispanic,F,4.748,94.807,0,0.445,0,0,2.108637,2.134195,3.940452,2.21541,1.725041979
guillermo,hispanic,M,6.273,90.959,0,2.583,0,0.185,2.047153,2.40781,3.80035,2.244074,1.392539998
gustavo,hispanic,M,9.129,90.249,0.207,0.415,0,0,1.932971,2.111282,3.705681,2.224383,1.481297748
guy,white,M,93.439,1.018,2.828,2.262,0,0.452,3.842712,2.423428,2.333109,2.257937,1.419284495
gwendolyn,white,F,54.18,1.125,43.087,1.125,0,0.482,3.336301,2.809838,1.872641,2.062204,0.526463187
hank,white,M,78.571,0,0,21.429,0,0,3.890278,2.392314,2.347444,2.301678,1.49796432
hanna,white,F,67,2,8,23,0,0,3.509008,2.324449,2.622837,2.481308,0.886170136
hannah,white,F,81.726,1.269,3.553,12.944,0.254,0.254,3.84279,2.454673,2.426354,2.279825,1.388116491
harold,white,M,88.846,2.222,6.966,1.538,0.299,0.128,3.778871,2.86639,2.376399,2.04655,0.912480649
harrison,white,M,67.442,2.326,19.767,9.302,1.163,0,3.914627,2.857451,2.212005,2.152181,1.057176558
harry,white,M,88.309,1.849,4.84,4.568,0.272,0.163,3.829752,2.468815,2.258,2.285569,1.360936518
heather,white,F,97.397,0.896,0.896,0.517,0.138,0.155,3.934471,2.518567,2.41874,2.484999,1.415903681
hector,hispanic,M,5.495,92.703,0.45,1.351,0,0,2.580639,2.498027,3.873581,2.379404,1.292941741
heidi,white,F,97.16,0.87,0.366,1.466,0.137,0,3.76583,2.205984,2.293964,2.353031,1.41279931
helen,white,F,79.345,3.309,6.8,10.036,0.145,0.364,3.776484,2.673762,2.40594,2.578925,1.102721982
henry,white,M,66.425,10.116,9.101,14.068,0.073,0.218,3.853906,2.824822,2.546138,2.413195,1.029084614
herbert,white,M,82.131,3.229,11.302,2.691,0.538,0.108,3.917418,2.623514,2.63225,2.355541,1.285168301
heriberto,hispanic,M,7.746,91.549,0,0.704,0,0,2.166009,2.456272,3.957765,2.310708,1.501492848
herman,white,M,56.098,10,23.171,10.732,0,0,3.393344,2.903109,2.653507,2.285025,0.490235649
hilda,white,F,40,53.158,3.947,2.368,0,0.526,3.299955,2.585246,2.729817,2.31059,0.570137866
holly,white,F,97.382,0.591,0.507,1.394,0.042,0.084,3.795993,2.215795,1.943723,2.234698,1.561294331
hope,white,F,83.446,5.743,9.797,1.014,0,0,3.74818,2.680184,2.534862,2.388634,1.067995839
horace,hispanic,M,54.194,1.29,41.935,1.935,0,0.645,3.012912,2.809268,3.331747,2.287662,0.31883433
howard,white,M,89.154,0.575,5.755,4.338,0.089,0.089,3.714139,2.760027,2.13063,2.187458,0.95411231
huey,white,M,29.73,0,18.919,51.351,0,0,3.366579,2.680306,2.560346,2.519417,0.686272742
hugo,hispanic,M,17.021,81.383,0,1.596,0,0,2.905994,2.465982,3.133381,2.387671,0.227386406
humberto,hispanic,M,5.431,92.971,0.958,0.639,0,0,2.122492,2.29287,4.167747,2.139855,1.874877365
huy,asian,M,0.909,0,0,99.091,0,0,2.008359,2.454931,2.734849,3.843702,1.108853704
ian,white,M,93.166,0.779,2.855,2.855,0,0.346,3.546438,2.52986,2.477348,2.525668,1.01657791
ida,white,F,64.103,13.187,15.018,6.593,0.733,0.366,3.145927,2.722924,2.791198,2.343067,0.354728412
ignacio,hispanic,M,7.229,90.06,0,2.711,0,0,2.385369,2.519203,3.782715,2.059254,1.263511863
imelda,hispanic,F,16.022,49.724,2.21,31.492,0.552,0,2.436306,2.860327,3.683084,2.33418,0.82275682
irene,white,F,71.136,16.85,3.81,7.985,0.073,0.147,3.746856,2.484307,2.548842,2.134549,1.198013865
iris,white,F,53.388,27.371,10.569,7.588,0.542,0.542,3.406853,2.551736,2.531953,2.408773,0.855116799
irma,white,F,20.3,73.71,3.827,2.163,0,0,3.112803,2.607145,2.937233,2.403848,0.175570201
isaac,white,M,52.283,25.114,16.21,5.708,0.457,0.228,3.484798,3.030951,2.387713,2.234865,0.453846941
isabel,hispanic,F,33.875,60.557,0.696,4.64,0.232,0,3.228203,2.587584,3.43233,2.373516,0.204126538
isaiah,black,M,40,9.091,49.091,1.818,0,0,3.126062,3.503404,2.728027,2.136445,0.377342973
isidro,hispanic,M,5.769,89.744,0,4.487,0,0,2.120937,2.353435,3.43985,2.45127,0.988579379
ismael,black,M,8.027,88.294,0,3.679,0,0,2.75659,3.093096,2.816722,2.29512,0.276374502
israel,black,M,22.968,72.438,2.827,1.413,0.353,0,2.531238,2.785565,2.654623,2.225174,0.130941365
ivan,white,M,60.364,28.151,4.902,6.583,0,0,3.588934,2.426496,2.586415,2.347134,1.002518985
ivette,white,F,37.879,57.576,3.03,1.515,0,0,3.065533,2.982032,2.923128,2.153571,0.083500755
ivy,white,F,50.649,6.494,14.935,26.623,0,1.299,3.280027,2.937827,2.436263,2.40108,0.342199766
jack,white,M,93.298,1.045,0.984,4.211,0.215,0.246,3.934029,2.575316,2.294657,2.308686,1.358713107
jackie,white,M,87.711,1.928,4.819,4.578,0.482,0.482,3.566081,2.953742,2.734404,2.696575,0.612338843
jackson,black,M,66.026,3.205,11.538,19.231,0,0,2.740991,3.406401,2.170289,2.226038,0.665409886
jacob,white,M,91.845,3.007,1.631,3.211,0.153,0.153,3.649208,2.706976,2.434104,2.327143,0.94223182
jacqueline,white,F,80.318,5.635,11.863,1.833,0.135,0.216,3.270616,2.965944,2.739655,2.391408,0.304672252
jacquelyn,white,F,86.331,2.014,10.791,0.719,0.144,0,3.266088,2.81552,2.573408,2.216919,0.45056776
jade,white,F,78.495,2.151,4.301,15.054,0,0,3.137796,2.926492,2.717518,2.996865,0.140930685
jaime,white,M,44.971,49.327,0.448,4.933,0.128,0.192,3.467797,2.716281,3.019609,2.354061,0.448188341
jake,white,M,88.827,2.793,2.793,5.587,0,0,4.092227,2.415765,2.462838,2.314764,1.629388523
jamal,black,M,49.485,3.093,27.835,18.557,0,1.031,2.08422,3.716652,2.448815,2.314583,1.267837043
james,white,M,94.016,1,3.279,1.472,0.116,0.118,3.656625,2.989082,2.653674,2.32711,0.667543784
jamie,white,F,94.467,2.012,1.576,1.643,0.168,0.134,3.725424,2.637692,2.672076,2.354585,1.053348053
jane,white,F,93.968,0.88,0.984,3.779,0.181,0.207,3.947143,2.467071,2.070046,2.419978,1.480072441
janet,white,F,93.153,2.041,2.575,1.963,0.126,0.141,3.605088,2.760085,2.36593,2.429115,0.84500288
janice,white,F,90.845,1.077,6.022,1.714,0.171,0.171,3.506542,2.83665,2.386298,2.474827,0.669891514
janie,white,F,74.394,8.997,10.727,4.844,1.038,0,3.765593,2.657659,2.330517,2.525826,1.107933608
jared,white,M,96.25,1.167,1.083,0.667,0.25,0.583,3.562193,2.917354,2.252814,2.386471,0.644838203
jarvis,black,M,46.512,0,51.163,2.326,0,0,2.539942,3.021997,2.859133,2.04524,0.16286395
jasmin,black,F,55.714,15.714,5.714,22.857,0,0,2.887364,3.342075,2.922972,2.968358,0.373716999
jasmine,black,F,44.595,10.811,22.297,21.622,0,0.676,3.022199,3.324255,2.991481,2.804547,0.302055987
jason,white,M,93.542,1.667,1.574,2.861,0.161,0.195,3.754147,2.648545,2.5575,2.249284,1.105602829
javier,hispanic,M,4.895,94.505,0,0.5,0.1,0,2.289184,2.663873,3.832983,2.046691,1.169109844
jay,white,M,91.962,1.41,0.838,5.219,0.267,0.305,3.451486,2.858696,2.440305,2.648801,0.592790441
jayson,white,M,85.393,2.809,1.685,9.551,0.562,0,3.308501,2.946576,2.462227,2.455146,0.361925225
jean,white,F,87.361,1.492,7.567,3.228,0.163,0.19,3.65532,2.621103,2.252755,2.149708,1.034216524
jeanette,white,F,83.406,5.908,8.688,1.651,0.261,0.087,3.724943,2.901067,2.647523,2.264488,0.823875944
jeanne,white,F,96.388,0.568,0.98,1.909,0.155,0,3.802881,2.716181,2.205098,2.314766,1.08670084
jeannie,white,F,82.952,4.58,1.272,10.941,0,0.254,3.748451,2.499613,2.532471,2.464161,1.215979869
jeff,white,M,95.218,0.884,0.572,3.067,0.156,0.104,3.8302,2.716349,2.185495,2.24056,1.113850363
jeffrey,white,M,96.739,0.69,1.022,1.315,0.109,0.125,3.807496,2.805942,2.400343,2.325383,1.001553668
jennie,white,F,79.908,6.697,2.54,9.931,0.462,0.462,3.62067,2.466192,2.666075,2.555209,0.954594724
jennifer,white,F,94.436,1.943,1.199,2.216,0.072,0.134,3.86269,2.781482,2.783156,2.411775,1.079534018
jenny,white,F,69.216,7.255,0.686,22.549,0,0.294,3.786407,2.65266,2.284169,2.575817,1.133746488
jeremiah,black,M,92.339,1.815,4.032,1.411,0,0.403,3.307006,3.310079,2.447163,2.047598,0.003073005
jeremy,white,M,96.596,1.451,1.116,0.642,0.084,0.112,3.809959,3.00976,2.162953,2.377561,0.800198856
jermaine,black,M,5.797,4.348,88.406,1.449,0,0,2.299865,4.015429,2.597851,2.237848,1.417578446
jerome,black,M,82.295,1.557,12.541,3.279,0.082,0.246,2.83709,3.654153,2.355162,2.152556,0.817063048
jerry,white,M,89.465,2.44,4.505,3.332,0.164,0.094,3.896594,2.566087,2.324594,2.41751,1.330507264
jesse,white,M,79.089,12.203,6.177,2.228,0.152,0.152,3.36861,2.956088,2.641381,2.26346,0.41252121
jessica,white,F,88.901,7.375,1.413,1.981,0.11,0.22,3.627782,2.618506,2.709793,2.493647,0.917989493
jessie,white,M,61.798,9.663,17.079,11.011,0.225,0.225,3.709295,2.663023,2.726216,2.266209,0.983079695
jessy,white,M,31.579,13.158,0,55.263,0,0,3.602558,2.769537,2.619061,2.254511,0.833021455
jesus,hispanic,M,3.904,93.155,0,2.781,0.16,0,2.023754,2.275745,4.030002,2.170109,1.75425719
jill,white,F,98.156,0.52,0.544,0.591,0.095,0.095,3.924379,2.605393,2.282777,2.342572,1.318986229
jim,white,M,82.31,4.054,1.843,11.548,0.246,0,3.777674,2.666857,2.107522,2.352149,1.110817886
jimmie,white,M,78.818,2.217,17.488,1.232,0,0.246,3.485464,2.823336,2.859245,2.297705,0.626219244
jimmy,white,M,67.456,8.21,6.879,16.79,0.518,0.148,3.76299,2.68763,2.474672,2.510134,1.07535973
jo,white,F,93.827,1.44,2.675,1.44,0.412,0.206,3.450271,2.744142,2.724322,2.532354,0.706129604
joan,white,F,94.405,0.887,3.204,1.232,0.099,0.173,3.897044,2.377244,2.360838,2.318817,1.519800369
joanna,white,F,86.85,5.403,1.835,5.708,0.102,0.102,3.542456,2.71824,2.426942,2.322642,0.824215291
joanne,white,F,92.862,1.922,1.784,3.329,0,0.103,3.744523,2.5592,2.604449,2.472218,1.140074035
joaquin,hispanic,M,9.174,85.321,0.459,4.128,0.917,0,2.630422,2.913928,3.314592,2.210968,0.400664134
jocelyn,white,F,62.751,3.438,10.888,22.35,0,0.573,3.261534,2.6806,2.738411,2.5026,0.523123709
jodi,white,F,97.108,0.761,0.304,1.522,0.152,0.152,3.697813,2.641746,2.392166,2.434889,1.056066959
joe,white,M,69.013,18.57,6.874,5.155,0.222,0.166,3.856263,2.712256,2.592363,2.636234,1.144006218
joel,white,M,84.459,11.435,1.934,2.002,0.102,0.068,3.570971,2.603175,2.569118,2.577457,0.967796391
joey,white,M,77.627,8.136,2.373,11.864,0,0,3.702259,2.439762,2.703284,2.302521,0.998974704
john,white,M,94.384,1.729,1.729,1.932,0.124,0.101,3.969451,3.08383,2.572542,2.464633,0.885621839
johnathan,white,M,81.868,3.297,9.341,5.495,0,0,3.736466,2.728667,2.505366,2.237525,1.007799332
johnnie,white,M,59.211,3.289,36.184,0.329,0.658,0.329,3.686491,2.723663,2.584461,2.574718,0.962828185
johnny,white,M,60.386,13.051,13.603,12.224,0.551,0.184,3.81297,3.065677,2.733336,2.224985,0.747292474
johnson,black,M,19.231,1.282,12.821,66.667,0,0,3.091414,3.360734,2.23237,2.118789,0.269320396
jon,white,M,96.157,1.004,0.727,1.904,0.139,0.069,3.642835,2.588726,2.698364,2.574598,0.944471404
jonathan,white,M,91.835,2.492,1.912,3.51,0.078,0.172,3.73884,2.521282,2.415831,2.274799,1.217558244
jordan,white,M,96.751,1.271,0.706,0.989,0.141,0.141,3.339443,3.296054,2.508881,2.489688,0.043388855
jorge,hispanic,M,8.696,90.026,0.153,1.125,0,0,2.873132,2.484827,3.805006,2.369265,0.931874336
jose,hispanic,M,7.244,89.829,0.289,2.534,0.081,0.023,2.068974,2.276194,4.256771,2.020988,1.980576491
josefina,hispanic,F,8.772,74.386,0.351,16.14,0,0.351,2.56472,2.846092,3.691832,2.159541,0.845740394
joseph,white,M,92.139,2.936,2.553,2.12,0.144,0.108,3.673379,2.916555,2.970764,2.333898,0.702614829
josephine,white,F,69.486,11.429,8.686,9.829,0.457,0.114,3.391835,2.739218,2.812394,2.399555,0.579441427
joshua,white,M,95.722,2.063,0.909,1.098,0.133,0.076,3.733086,2.818234,2.601254,2.483451,0.914851893
josue,hispanic,M,3.922,88.235,4.902,2.941,0,0,2.26279,2.763136,4.009302,2.227715,1.246166392
joy,white,F,86.564,1.322,6.241,5.727,0,0.147,3.695849,2.995156,2.424013,2.865332,0.700692418
joyce,white,F,85.596,0.974,9.534,3.689,0.177,0.03,3.712081,2.615038,2.150967,2.52913,1.097042845
juan,hispanic,M,4.528,93.406,0.523,1.518,0.025,0,2.180867,2.451704,4.022518,2.225938,1.57081377
juana,hispanic,F,10.733,86.387,1.571,1.309,0,0,2.103795,3.026498,3.709719,2.287394,0.683220437
juanita,hispanic,F,54.954,21.827,19.659,2.477,0.31,0.774,2.350684,2.84815,4.237095,2.186933,1.388945118
judith,white,F,94.76,2.603,1.544,0.746,0.174,0.174,3.764863,2.465337,2.474507,2.241197,1.290356183
judy,white,F,90.572,1.867,2.651,4.699,0.09,0.12,3.738627,2.527445,2.252742,2.367353,1.211182252
julia,white,F,84.981,8.502,3.28,2.805,0.259,0.173,3.687907,2.367649,2.922614,2.484677,0.765292301
julian,hispanic,M,53.222,32.848,8.108,5.405,0,0.416,3.172592,2.798854,3.327179,2.52543,0.154587365
juliana,hispanic,F,70.335,14.354,3.828,11.483,0,0,3.352811,2.353997,3.635486,2.343044,0.282675521
julie,white,F,95.087,1.462,0.4,2.822,0.114,0.114,3.795826,2.378067,2.42195,2.644916,1.150910677
julio,hispanic,M,7.278,90.027,0.539,2.022,0.135,0,2.216299,2.318572,4.243172,2.140171,1.924599936
julissa,hispanic,F,18.75,81.25,0,0,0,0,2.506772,2.933134,3.105506,2.598523,0.172372011
julius,hispanic,M,53.881,6.849,27.397,10.959,0.457,0.457,2.790868,2.850836,3.238578,2.431702,0.387742166
june,white,F,84.058,1.338,6.243,8.138,0.111,0.111,3.681177,2.533993,2.213554,2.493941,1.147183563
justin,white,M,94.685,1.396,1.396,2.204,0.269,0.049,3.872822,2.590826,2.361672,2.241541,1.281995878
justine,white,F,86.058,0.962,6.731,5.769,0.481,0,3.51797,3.015927,2.231794,2.323826,0.502043279
kai,asian,M,34.058,0,2.174,62.319,0,1.449,2.471119,3.217828,2.38034,3.577695,0.359866298
kara,white,F,96.539,0.716,1.313,1.193,0.119,0.119,3.73654,2.891064,2.647785,2.644238,0.845475273
karen,white,F,94.706,1.167,2.456,1.516,0.074,0.081,3.865363,2.573321,2.322848,2.428243,1.292041078
karina,hispanic,F,41.262,54.854,1.942,1.456,0,0.485,3.044289,2.552562,3.128679,2.552495,0.084389889
karl,white,M,93.737,0.704,2.815,2.604,0.07,0.07,3.614956,2.960302,2.32613,2.331902,0.654654104
karla,white,F,80.233,14.535,4.302,0.581,0,0.349,3.387188,2.646119,2.699333,2.388138,0.687855451
katelyn,white,F,90.476,0,0,9.524,0,0,4.015226,2.452857,2.363673,2.191622,1.562369236
katherine,white,F,94.252,1.833,1.562,2.187,0.083,0.083,4.039448,2.434638,2.414319,2.390559,1.604810757
kathleen,white,F,97.654,0.773,0.515,0.837,0.092,0.129,4.043941,2.502517,2.12897,2.253036,1.541423559
kathryn,white,F,97.225,0.975,1.017,0.636,0.042,0.106,4.021133,2.45033,2.333248,2.254314,1.570803475
kathy,white,F,93.017,1.731,2.186,2.81,0.142,0.114,4.001709,2.799811,2.366756,2.28259,1.201898261
katie,white,F,94.505,0.541,2.252,2.523,0,0.18,4.183773,2.527596,2.304369,2.334395,1.656177304
katina,white,F,68.493,0,31.507,0,0,0,3.190011,3.042805,2.984435,2.619563,0.147206472
katrina,white,F,81.918,2.044,13.522,1.572,0.157,0.786,3.587389,2.686038,2.914965,2.459284,0.672423918
kay,white,F,91.851,1.006,3.119,3.823,0.101,0.101,3.844423,2.663292,2.065873,2.580324,1.181130743
kayla,white,F,92.857,1.587,1.984,3.571,0,0,3.625053,2.797335,2.50696,2.256168,0.827718125
keisha,black,F,25,2.5,72.5,0,0,0,2.418293,3.738304,2.436087,2.339149,1.302216902
keith,white,M,92.957,0.637,4.531,1.601,0.091,0.182,3.899249,2.8369,1.904125,2.104312,1.062349219
kelli,white,F,95.795,0.455,2.727,0.568,0.227,0.227,3.609798,2.675229,2.319968,2.331253,0.934569365
kelly,white,F,96.814,0.707,0.707,1.538,0.139,0.097,3.860399,2.765626,2.268133,2.291638,1.094772913
kelvin,white,M,28.448,5.172,40.517,25.431,0.431,0,3.237409,3.015066,2.239438,2.384295,0.222342702
ken,white,M,71.695,0.847,1.356,26.102,0,0,3.981001,2.768204,2.326733,2.676416,1.212796659
kendra,black,F,91.064,0.426,7.234,0.638,0.213,0.426,3.032402,3.120834,2.267326,2.487923,0.088432298
kendrick,black,M,54.286,0,37.143,8.571,0,0,2.825599,3.330935,2.322995,2.096273,0.505335851
kenneth,white,M,92.305,1.064,4.224,2.168,0.088,0.152,3.605373,2.788979,2.16607,2.267419,0.816394788
kenny,white,M,54.885,2.874,4.023,37.356,0.287,0.575,3.575272,2.787944,2.35823,2.448014,0.787327555
kent,white,M,93.19,0.345,1.81,4.569,0,0.086,3.936572,2.589702,2.261161,2.34997,1.346869884
kenya,black,F,22.917,2.083,70.833,0,0,4.167,2.482107,4.278271,2.068983,2.374935,1.796164324
kevin,white,M,92.962,0.816,2.836,3.237,0.061,0.088,3.709887,2.942518,2.12573,2.71606,0.767368924
kim,white,F,84.508,0.776,4.409,9.78,0.155,0.373,3.57451,2.727543,2.457228,3.189612,0.384898185
kimberly,white,F,93.982,1.09,3.756,0.892,0.104,0.176,3.698791,2.676133,2.221199,2.517081,1.022657612
king,black,M,12.5,3.125,9.375,71.875,1.563,1.563,2.636421,3.195916,2.390821,2.281412,0.559494824
kirk,white,F,95.583,0.353,2.385,1.325,0.265,0.088,3.779317,2.637557,2.048887,2.22472,1.141760101
krista,white,F,98.111,0.882,0.504,0.504,0,0,3.575072,2.634152,2.530619,2.455715,0.940919296
kristen,white,F,98.229,0.805,0.564,0.282,0.04,0.081,3.735984,2.692004,2.370099,2.297291,1.043980756
kristi,white,F,95.288,1.154,1.058,1.923,0.385,0.192,3.913504,2.781081,2.309862,2.452927,1.132423702
kristie,white,F,94.363,1.044,1.253,2.923,0.209,0.209,3.815747,2.508257,1.934279,2.641546,1.174201157
kristina,white,F,94.688,2.108,1.349,1.602,0.084,0.169,3.758565,2.65355,2.45352,2.379595,1.105014317
kristine,white,F,95.275,1.149,0.447,2.81,0.064,0.255,3.821928,2.524805,2.440868,2.355845,1.297123125
krystal,white,F,80.93,5.116,12.558,0.465,0.465,0.465,3.348572,2.856122,2.262429,2.384557,0.492450642
kurt,white,F,97.909,0.239,0.956,0.777,0,0.119,3.887578,2.538652,2.213608,2.249563,1.348925753
kyle,white,M,96.381,0.362,1.407,1.568,0.121,0.161,3.783128,2.861435,2.095154,2.432965,0.921692885
ladonna,black,F,74.468,0,24.113,0.709,0,0.709,2.698008,3.476149,2.766362,2.191231,0.709786744
lakisha,black,F,8.824,0,91.176,0,0,0,2.214419,4.122984,2.056522,2.344748,1.778235676
lamar,black,M,72,0,26.667,0,0,1.333,2.100228,3.618835,2.501565,2.182508,1.117270224
lamont,black,M,49.296,0,49.296,1.408,0,0,2.283794,3.567494,2.690631,2.175396,0.876862975
lance,white,M,93.222,1.196,2.073,2.951,0.399,0.159,4.004552,2.824123,2.338959,2.353713,1.180428642
larry,white,M,90.436,1.835,5.955,1.383,0.211,0.18,3.724982,2.84915,2.292878,2.34479,0.875831814
latanya,black,F,3.125,0,96.875,0,0,0,1.949147,3.855413,2.866307,2.100355,0.989105762
latasha,black,F,8.537,3.659,86.585,0,0,1.22,2.005557,4.052453,2.342079,1.933831,1.710374567
latisha,black,F,32.5,2.5,65,0,0,0,2.121451,4.165644,2.597465,2.355068,1.568179107
latonya,black,F,3.03,0,93.939,0,3.03,0,2.142653,4.135477,2.779245,2.111961,1.356231795
latoya,black,F,4.301,4.301,91.398,0,0,0,2.303957,3.754602,2.664278,2.010954,1.090324374
latrice,black,F,6.25,3.125,90.625,0,0,0,2.30008,3.547713,2.835762,2.132573,0.711951765
laura,white,F,92.509,5.589,0.756,0.872,0.137,0.137,3.860222,2.680879,2.528888,2.291862,1.17934272
lauren,white,F,96.238,0.962,1.4,0.962,0.175,0.262,3.892284,2.537419,2.303063,2.437751,1.354864789
laurie,white,F,97.286,1.214,0.536,0.714,0.107,0.143,3.493646,2.4323,2.483399,2.138121,1.01024705
lawanda,black,F,24.324,0,75.676,0,0,0,2.000328,3.686294,2.517325,2.00056,1.168969258
lawrence,white,M,90.854,2.205,4.191,2.489,0.109,0.153,3.505635,3.138977,2.373694,2.201381,0.366657414
lea,white,F,88.258,2.273,1.515,7.955,0,0,3.45593,2.586631,2.736732,2.687939,0.719198431
leah,white,F,92.994,1.344,2.591,2.687,0.096,0.288,3.566272,2.845936,2.568822,2.595338,0.720335776
lee,asian,M,90.308,0.961,4.445,4.165,0.08,0.04,3.392628,2.718092,2.342333,3.514855,0.122226511
leilani,black,F,59.722,4.167,2.778,31.944,0,1.389,2.58718,3.347033,2.88345,2.953449,0.393584044
lena,hispanic,F,74.216,4.181,11.498,9.408,0.697,0,3.151162,2.894178,3.218669,2.701143,0.067507022
leo,white,M,80.988,6.667,4.321,7.778,0.123,0.123,3.467274,2.835384,2.838854,2.513872,0.628420487
leon,white,M,72.872,3.175,19.048,4.185,0.577,0.144,3.277683,3.177811,2.914743,2.329716,0.099872361
leonard,white,M,87.291,3.231,7.001,2.1,0.108,0.269,3.408389,3.006693,2.441704,2.168175,0.401696178
leonardo,hispanic,M,21.401,65.37,0.389,12.84,0,0,3.031849,2.620701,3.296771,1.955031,0.264922237
leonel,black,M,7.639,89.583,1.389,1.389,0,0,2.691467,3.358795,2.835921,2.211527,0.522874463
leroy,black,M,69.082,4.026,24.96,0.966,0.483,0.483,2.807073,3.824335,2.127948,2.034043,1.01726191
leslie,white,F,92.634,1.791,3.633,1.615,0.151,0.177,3.554826,2.539064,2.499603,2.442595,1.015762058
lester,white,M,81.179,3.042,11.597,3.612,0.19,0.38,3.500737,2.870371,2.502008,2.134666,0.630366697
leticia,black,F,16.89,75.251,1.338,6.187,0,0.334,2.478565,3.518885,3.258762,2.264586,0.26012274
liliana,hispanic,F,26.705,71.591,0,1.136,0.568,0,2.946133,2.839807,3.029082,2.648716,0.082948449
lillian,white,F,68.639,12.13,9.911,9.024,0.148,0.148,3.647219,2.647531,2.478664,2.646616,0.999688051
lillie,white,F,41.803,0.82,55.738,1.639,0,0,3.69173,2.519304,2.652687,2.662204,1.029526321
lilly,white,F,45.455,16.364,3.636,34.545,0,0,3.9058,2.547358,2.457837,2.961811,0.94398951
lily,white,F,30.233,7.752,1.163,60.465,0,0.388,3.77407,2.571459,2.886712,2.956842,0.817228539
lina,hispanic,F,50,20.202,1.515,28.283,0,0,3.255768,2.603475,3.343686,2.957776,0.087917972
linda,white,F,92.674,2.097,3.114,1.899,0.08,0.136,3.840895,2.824717,2.908244,2.365909,0.932651626
lindsay,white,F,98,0.476,0.857,0.476,0,0.19,3.710007,2.499091,2.4762,2.374365,1.210915864
lindsey,white,F,96.07,0.764,1.092,1.747,0.109,0.218,3.89298,2.397033,2.355699,2.162258,1.49594653
lionel,black,M,55.063,11.392,26.582,5.696,0.633,0.633,2.908978,3.379655,2.689386,2.173031,0.470677532
lisa,white,F,93.639,2.127,2.346,1.662,0.109,0.116,3.705993,2.624943,2.546167,2.68384,1.02215279
lissette,black,F,21.951,78.049,0,0,0,0,2.744457,2.901266,2.741634,2.585187,0.156808734
liz,white,F,53.488,39.535,0,6.977,0,0,3.546567,2.559927,2.627748,2.468517,0.918819581
liza,white,F,66.471,11.765,2.941,18.235,0,0.588,3.437038,2.83331,3.002401,2.662118,0.434637329
lizette,white,F,28.261,63.043,4.348,4.348,0,0,2.936723,2.720936,2.900844,2.415707,0.035879121
lloyd,white,M,85.64,0.647,10.22,3.364,0,0.129,3.675811,2.960362,2.147342,2.159836,0.715448827
lolita,hispanic,F,24.242,10.101,24.242,41.414,0,0,2.505095,2.805147,3.5733,2.411866,0.768152194
long,asian,M,0.541,1.081,0,97.838,0,0.541,2.847172,2.378436,2.109818,3.034082,0.186910012
lonnie,white,M,87.403,0.775,10.465,0.775,0.388,0.194,3.489375,2.937167,2.169635,2.588902,0.55220773
lorena,hispanic,F,26.289,71.134,0.515,1.546,0.515,0,2.948272,2.66065,3.482575,2.498229,0.534302258
lorenzo,hispanic,M,21.3,53.43,18.773,6.137,0.361,0,2.696924,2.657998,3.73107,2.122586,1.034146153
loretta,white,F,86.416,3.344,8.15,1.567,0.104,0.418,3.549536,2.887876,2.9986,2.124692,0.550935771
lori,white,F,96.962,0.808,0.79,1.194,0.14,0.105,3.859692,2.580634,2.458675,2.30854,1.279057786
lorna,white,F,74.242,1.212,11.212,12.424,0.606,0.303,3.348551,2.5872,2.963988,2.373442,0.384562371
lorraine,white,F,87.181,4.824,5.513,2.205,0.138,0.138,3.606471,2.759791,2.283674,2.146567,0.846679913
louie,white,M,52.174,30.435,4.348,10.435,2.609,0,3.298765,2.653537,3.285709,2.147876,0.013055598
louis,white,M,84.008,7.938,5.253,2.49,0.272,0.039,3.537782,2.944654,3.433192,2.276612,0.104589844
lourdes,hispanic,F,20.573,61.979,1.563,15.625,0,0.26,2.875802,2.543143,3.341394,2.516926,0.465591462
lu,asian,F,51.852,0,0,48.148,0,0,2.272224,2.729244,2.494733,3.83941,1.110165993
lucas,white,M,90.315,7.658,0.225,1.577,0.225,0,3.430422,2.589345,2.623352,2.236146,0.807070011
lucia,hispanic,F,46.608,43.658,2.36,7.375,0,0,2.614425,2.729826,3.788835,2.457307,1.059008666
lucy,white,F,68.908,15.294,5.378,9.748,0.672,0,3.535591,2.503937,2.741523,2.715138,0.794067812
luis,hispanic,M,11.008,87.398,0.111,1.446,0.037,0,2.933623,2.491155,3.675537,2.138824,0.741914624
luke,white,M,94.048,0.893,0.595,4.167,0.149,0.149,3.827217,2.504852,2.347464,2.237604,1.322364912
lupe,hispanic,F,21.008,78.992,0,0,0,0,1.764283,2.448439,4.127364,2.185657,1.678924416
luther,black,M,69.863,0.685,29.452,0,0,0,3.038205,3.266306,2.348969,2.098217,0.228100918
luz,hispanic,F,9.827,82.466,0.193,7.322,0.193,0,2.226808,2.392014,3.578764,2.618294,0.960470229
lydia,white,F,65.357,20.087,6.987,7.424,0.146,0,3.451393,2.9216,2.675285,2.52086,0.529793021
lynette,white,F,87.114,2.178,7.26,3.448,0,0,3.340982,2.722922,2.631963,2.226714,0.618059359
lynn,white,F,94.412,0.931,1.616,2.821,0.164,0.055,3.867752,2.706274,2.308932,2.62569,1.161478111
mae,white,F,44.538,0.84,36.975,17.647,0,0,3.176824,2.943099,2.483223,2.983,0.193824292
magdalena,hispanic,F,46.154,46.154,0.427,6.838,0,0.427,2.459785,2.780723,3.586273,2.156408,0.805550209
maggie,white,F,64.253,5.882,8.145,21.719,0,0,3.836974,2.5568,2.345919,2.328723,1.280174289
mai,asian,F,9.29,0.546,0,88.525,0,1.639,2.303145,2.600162,2.541052,3.854309,1.254146822
mandy,white,F,89.443,2.639,0.587,7.038,0.293,0,3.799702,2.551878,2.206946,2.375098,1.247824015
manuel,hispanic,M,17.863,76.568,0.903,4.315,0.251,0.1,2.60426,2.483754,3.647412,2.237016,1.043152897
marc,white,M,94.148,1.704,2.889,0.926,0.074,0.259,3.572655,2.970437,2.439136,2.267619,0.602218477
marco,hispanic,M,33.828,63.056,1.78,1.335,0,0,2.813793,2.692831,3.894275,2.180619,1.080481783
marcos,hispanic,M,11.599,85.266,0.94,1.881,0,0.313,2.491485,2.970173,3.923414,2.438843,0.953240149
marcus,white,M,74.745,3.851,18.686,2.378,0.227,0.113,3.371789,3.205376,2.891488,2.323296,0.166413172
margaret,white,F,93.407,1.884,3.102,1.357,0.139,0.111,3.845151,2.70743,2.183504,2.473769,1.137721122
margarita,hispanic,F,22.241,72.91,1.171,3.512,0.167,0,2.664953,2.383095,3.741355,2.22812,1.076402392
maria,hispanic,F,34.521,59.128,0.902,5.323,0.018,0.107,2.793021,2.396219,3.869108,2.519002,1.076086477
maribel,hispanic,F,12.403,81.395,0,6.202,0,0,2.731072,2.291505,3.297062,2.107349,0.565989346
maricela,hispanic,F,10.119,89.881,0,0,0,0,2.792208,2.709507,3.748953,2.121356,0.956744589
marie,white,F,80.466,3.959,11.728,3.478,0.222,0.148,3.434931,2.513187,2.975959,2.376749,0.458971222
marilyn,white,F,89.426,2.574,5.287,2.539,0.07,0.104,3.818907,2.573933,2.397698,2.1966,1.244974255
marina,hispanic,F,68.157,25.403,0.358,5.725,0.179,0.179,2.849406,2.800877,3.548275,2.410063,0.698868508
mario,hispanic,M,31.334,62.143,2.563,3.844,0.058,0.058,2.843662,2.376919,3.691663,2.402456,0.848000437
marisa,hispanic,F,82.196,12.76,2.374,2.671,0,0,3.251015,2.685941,3.337446,2.717289,0.086430578
marisela,hispanic,F,5.882,93.137,0.98,0,0,0,2.496491,2.67235,3.580835,2.144894,0.908485085
marisol,hispanic,F,17.486,81.421,1.093,0,0,0,2.292315,2.432664,3.595665,2.670672,0.924992794
marissa,hispanic,F,76.119,11.194,2.612,9.701,0,0.373,3.23667,2.908614,3.250923,2.339022,0.014252844
maritza,hispanic,F,17.47,81.325,0.602,0.602,0,0,2.215313,2.94743,3.58045,2.383734,0.633020491
mark,white,M,96.338,1.271,1.175,1.054,0.063,0.1,3.900923,2.557512,2.423123,2.366957,1.343411237
marlene,white,F,83.277,9.253,4.669,2.292,0.17,0.34,3.511308,2.469228,2.848683,2.148677,0.662625686
marlon,black,M,21.739,24.457,41.848,11.413,0.543,0,2.999544,3.470214,2.814054,2.281314,0.47066914
marsha,white,F,90.517,1.293,7.155,0.776,0,0.259,3.511831,2.606955,2.045951,2.330715,0.904876098
marta,hispanic,F,55.733,42.933,0.8,0,0.533,0,2.91501,2.573385,3.597707,2.67015,0.682696542
martha,white,F,68.367,27.192,3.438,0.774,0.115,0.115,3.706231,2.579442,2.821798,2.295382,0.88443283
martin,white,M,77.656,19.531,1.068,1.615,0.104,0.026,3.542045,2.87326,2.813786,2.252755,0.668785006
marvin,white,M,75.337,7.155,14.141,3.199,0.168,0,3.14782,3.01551,2.314935,2.121384,0.132309349
mary,white,F,92.351,2.509,3.327,1.526,0.174,0.114,3.839676,2.871592,2.768307,2.64976,0.968083855
mathew,white,M,85.633,1.512,0.567,11.909,0.189,0.189,3.833614,2.598586,2.531201,2.085495,1.2350281
matthew,white,M,97.349,1.019,0.679,0.783,0.078,0.091,3.839546,2.713081,2.582861,2.314437,1.126465043
mattie,white,F,34.951,0,64.078,0.971,0,0,3.477764,2.727222,2.403391,2.389918,0.750542182
maureen,white,F,96.599,0.821,1.368,1.095,0.039,0.078,3.806935,2.576827,2.396885,2.434129,1.230108006
maurice,black,M,63.636,3.455,31.091,1.818,0,0,3.02693,3.474581,2.83936,2.217849,0.447650709
mauricio,hispanic,M,7.983,89.496,0.84,1.681,0,0,2.418062,2.762641,3.789907,2.102456,1.027266031
max,white,M,86.214,8.642,1.44,3.292,0.412,0,3.677211,2.525903,2.260756,2.532578,1.144632941
may,white,F,27.442,1.395,2.791,68.372,0,0,3.509408,2.64376,2.388247,2.84538,0.664028303
maya,hispanic,F,70.161,1.613,9.677,16.935,0.806,0.806,2.767965,3.216472,3.457695,3.055549,0.241222864
mayra,black,F,11.489,87.66,0.426,0,0.426,0,2.698402,3.306483,2.93398,2.716233,0.37250315
megan,white,F,98.301,0.74,0.479,0.436,0,0.044,3.667545,2.716626,2.363173,2.217073,0.950918871
melanie,white,F,92.343,2.306,2.814,2.26,0.185,0.092,3.881719,2.482021,2.505977,2.517753,1.36396595
melinda,white,F,92.112,3.562,1.718,2.036,0.318,0.254,3.910628,2.77566,2.529537,2.431423,1.134968118
melissa,white,F,93.532,3.664,1.457,1.083,0.167,0.097,4.008872,2.610717,2.413567,2.370342,1.398155177
melody,white,F,89.748,2.997,2.997,3.785,0.473,0,3.604367,2.646737,2.337794,2.538202,0.957629252
melvin,white,M,66.6,5.316,22.768,4.313,0.602,0.401,3.376794,3.099254,2.602123,2.133971,0.27754
mercedes,hispanic,F,24.911,63.701,4.27,7.117,0,0,2.640407,3.33359,3.425562,2.330003,0.091971906
mia,hispanic,F,63.399,6.536,22.222,6.536,0,1.307,3.002248,2.46411,3.260133,3.040707,0.219426301
michael,white,M,94.363,1.693,2.142,1.592,0.092,0.118,3.641358,3.084928,2.833961,2.46691,0.556430052
michelle,white,F,90.682,3.049,3.402,2.584,0.151,0.131,3.796874,2.940936,2.552771,2.60867,0.855937842
migdalia,hispanic,F,23.256,76.744,0,0,0,0,2.036419,2.644897,3.485685,2.391206,0.84078857
miguel,hispanic,M,6.165,92.025,0.566,1.131,0.113,0,1.955883,2.318454,3.961195,2.215253,1.642741547
mike,white,M,81.55,5.996,0.738,11.716,0,0,3.751674,2.976997,2.325277,2.406206,0.774676398
milagros,hispanic,F,13.768,50,0.725,34.783,0.725,0,2.116356,2.614209,4.06957,2.713419,1.35615066
mildred,white,F,69.179,7.705,17.923,4.69,0.168,0.335,3.835516,2.494786,2.383138,1.94162,1.340729966
miles,white,M,88.987,0.441,4.405,5.727,0,0.441,3.466419,2.841788,2.387117,2.428801,0.624630911
milton,white,M,62.622,14.677,17.417,5.284,0,0,3.635825,2.926755,2.198529,2.241484,0.709070424
mimi,white,F,58.407,1.77,1.77,38.053,0,0,3.235331,2.693233,2.904364,2.869401,0.330966811
mindy,white,F,91.218,1.796,0.2,6.587,0.2,0,4.020402,2.394217,2.373323,2.295288,1.62618504
minerva,hispanic,F,19.672,59.016,4.918,16.393,0,0,2.824899,2.622012,3.024275,2.549751,0.199376151
miranda,white,F,84.305,4.484,5.83,5.381,0,0,3.258457,2.628773,3.089109,2.403615,0.169348579
miriam,white,F,63.649,29.741,3.592,2.73,0.144,0.144,3.608549,2.573616,2.823651,2.449819,0.78489771
misty,white,F,96.407,0.998,1.796,0.2,0.399,0.2,3.642197,2.687665,2.240851,2.279408,0.954532272
mitchell,white,M,93.338,1.549,2.943,1.704,0.232,0.232,3.777807,2.808029,2.239552,2.069507,0.969778876
mohammad,black,M,46.906,0.489,0.814,49.511,1.303,0.977,1.73739,3.510409,2.066321,2.170337,1.340072129
moises,black,M,8.247,86.598,0,4.639,0.515,0,2.523667,3.112333,3.045967,2.12246,0.066365897
molly,white,F,96.032,0.992,0.595,2.083,0,0.298,3.892844,2.287851,2.119343,2.409696,1.483147507
mona,hispanic,F,75.51,4.337,6.378,13.52,0,0.255,3.080311,2.748738,3.108068,2.729731,0.027757163
monica,white,F,69.759,19.398,7.309,3.173,0.161,0.201,3.639033,2.896223,2.810302,2.481474,0.742809978
monique,black,F,62.882,8.297,24.017,3.712,0,1.092,2.764357,3.632998,2.568009,2.307106,0.868640292
morgan,white,F,93.51,0.721,1.683,3.846,0.24,0,3.669472,2.906579,2.391148,2.256902,0.762892975
moses,black,M,40.385,12.5,35.577,11.538,0,0,2.836368,3.344983,3.131598,2.186302,0.213384832
myra,white,F,76.708,6.522,9.627,6.832,0.311,0,3.192618,3.057118,3.108157,2.419888,0.084460852
myrna,hispanic,F,59.939,18.043,4.281,16.82,0,0.917,3.102834,2.737848,3.181838,2.225736,0.079003972
nadia,white,F,66.99,11.165,8.252,12.136,0.485,0.971,3.166321,2.933634,3.108318,2.518755,0.058003906
nancy,white,F,93.158,3.59,0.85,2.185,0.113,0.104,4.055521,2.44709,2.337812,2.264546,1.608431297
naomi,black,F,75.82,7.377,7.992,8.197,0.41,0.205,3.10978,3.255965,2.552918,2.639007,0.146184534
natalie,white,F,89.747,4.177,4.367,1.203,0.316,0.19,3.640503,2.750097,2.533126,2.317985,0.890406648
natasha,white,F,68.817,4.032,23.387,3.226,0.269,0.269,3.207924,3.164483,2.756007,2.207151,0.043440951
nathan,white,M,94.309,0.873,2.235,2.13,0.244,0.209,3.709554,2.648401,2.324345,2.469911,1.061152528
nathaniel,white,M,73.721,1.383,22.545,1.936,0.277,0.138,3.695305,2.940486,2.429775,2.248825,0.754818715
neil,white,M,94.783,1.152,1.016,2.778,0.136,0.136,3.817531,2.603543,2.220512,2.338137,1.213987041
nelson,white,M,46.398,37.608,3.746,11.527,0.576,0.144,3.703392,3.040156,2.366113,2.399886,0.663235955
nestor,hispanic,M,10.959,64.384,0.685,23.973,0,0,2.921955,2.67206,3.358031,2.365245,0.436075847
nicholas,white,M,95.035,2.525,1.305,1.006,0.021,0.107,3.625429,2.546674,2.787942,2.144641,0.837486506
nichole,white,F,87.805,1.707,9.512,0.488,0,0.488,3.430899,2.682925,2.622248,2.370149,0.747973605
nick,white,M,85.688,6.972,0.367,6.606,0.183,0.183,3.959444,2.564925,2.742633,2.272124,1.2168105
nicolas,white,M,51.872,44.118,1.337,2.674,0,0,3.577263,2.663469,2.573298,2.289383,0.913794006
nicole,white,F,91.141,2.436,4.99,1.194,0.096,0.143,3.907101,2.746024,2.380867,2.460067,1.16107701
nikki,white,F,82.724,4.319,6.312,5.98,0.664,0,3.607716,2.866745,2.841546,2.323166,0.740970602
nina,white,F,83.52,3.492,4.749,7.682,0.279,0.279,3.194874,2.834585,3.119576,2.708427,0.075298166
nisha,black,F,26.415,0,3.774,67.925,1.887,0,2.099936,3.652294,2.419936,2.986703,0.665591067
nita,hispanic,F,67.925,0.943,0,30.189,0.943,0,2.593287,2.912295,3.395833,2.804241,0.483538573
noe,white,M,6.618,90.441,0,2.941,0,0,2.861922,2.4614,2.550852,2.810631,0.051291195
noel,white,M,62.367,19.435,4.24,13.604,0.177,0.177,3.449599,2.786303,2.431759,2.405909,0.663296439
noemi,black,F,15.094,65.094,2.83,16.981,0,0,2.70394,3.265867,2.633928,2.816851,0.449015917
nolan,white,M,83.942,1.46,5.109,9.489,0,0,3.568171,2.515315,2.263123,2.14684,1.052855984
nora,white,F,68.586,20.07,3.839,7.155,0,0.349,3.641172,2.550094,2.887789,2.472645,0.753383476
norma,white,F,55.884,34.028,6.052,3.497,0.269,0.269,3.528475,2.727906,2.766751,2.458543,0.76172379
norman,white,M,88.791,1.416,5.133,4.366,0.177,0.118,3.735281,2.692991,2.163283,2.179027,1.042290115
octavia,hispanic,F,19.355,9.677,70.968,0,0,0,2.658383,3.170589,3.337553,2.093771,0.16696386
octavio,hispanic,M,10.596,88.079,0.662,0.662,0,0,2.507218,2.921372,3.169365,1.960552,0.247993296
olga,white,F,53.43,43.321,1.805,1.444,0,0,3.489892,2.17206,2.659443,2.227967,0.830448581
oliver,white,M,66.346,7.692,14.744,10.897,0,0.321,3.878346,2.637293,2.657859,2.374436,1.220487874
olivia,white,F,47.661,37.194,6.682,7.795,0.445,0.223,3.630624,2.640402,2.712657,2.329501,0.917967088
omar,black,M,21.854,64.459,7.506,5.74,0,0.442,2.258493,3.311755,2.94293,2.26958,0.368825559
orlando,hispanic,M,12.829,68.092,9.539,8.553,0.658,0.329,2.701567,2.918748,3.309407,2.144879,0.390658672
oscar,hispanic,M,15.813,75.088,4.152,4.417,0.442,0.088,3.037937,2.832472,3.196177,2.369411,0.158239927
osvaldo,hispanic,M,16.842,81.053,0,2.105,0,0,2.248073,2.88546,3.234352,2.194563,0.348891427
otis,black,M,51.145,0.763,47.328,0.763,0,0,3.186664,3.434216,2.398027,2.161607,0.247552085
pablo,hispanic,M,7.816,85.747,0.23,5.977,0,0.23,1.963638,2.081758,4.180694,2.006274,2.098936009
pamela,white,F,92.688,1.219,4.776,1.108,0.086,0.123,3.594707,2.642618,2.590663,2.28135,0.952088509
patrice,white,F,85.333,1.333,13.111,0.222,0,0,3.21806,3.049645,2.677591,2.269523,0.168414573
patricia,white,F,90.067,4.937,3.919,0.787,0.136,0.154,3.842617,2.558434,2.384539,2.257766,1.284183742
patrick,white,M,93.944,1.204,2.432,2.257,0.082,0.082,4.125751,2.62043,2.211609,2.572341,1.5053217
patty,white,F,88.732,1.056,1.761,8.099,0.352,0,3.724119,2.366256,2.203136,2.202599,1.357863135
paul,white,M,93.143,2.138,1.452,3.066,0.109,0.092,4.080055,2.774735,2.486037,2.396546,1.305320431
paula,white,F,92.402,3.313,3.113,0.8,0.2,0.171,3.639099,2.589428,2.553857,2.383989,1.049671068
pauline,white,F,76.71,3.785,11.645,7.715,0,0.146,3.56777,2.720076,2.793234,2.220208,0.774536145
pedro,hispanic,M,7.557,88.833,1.259,2.099,0.168,0.084,2.106678,2.337202,3.79547,2.127022,1.458268442
peggy,white,F,93.778,1.343,2.731,1.611,0.269,0.269,3.665159,2.406885,1.971432,2.289549,1.258274505
penny,white,F,95.08,0.602,2.309,1.506,0.201,0.301,3.816412,2.758813,2.208865,2.337794,1.057599244
percy,white,M,22.727,21.212,40.909,15.152,0,0,3.018251,2.675593,2.118069,2.233848,0.342658379
perry,white,M,88.571,1.345,7.059,2.857,0,0.168,3.735761,2.476644,2.23765,2.224279,1.259116991
pete,white,M,71.13,24.268,0.418,4.184,0,0,4.056778,2.563583,2.347197,2.484904,1.493194259
peter,white,M,91.675,1.94,1.144,5.043,0.099,0.099,3.867316,2.693294,2.343473,2.443388,1.174021908
phil,white,M,82.199,5.236,2.094,10.471,0,0,3.924032,2.474699,2.335906,2.276701,1.449333299
phillip,white,M,89.613,2.977,3.97,3.01,0.198,0.232,3.833828,2.62585,2.326888,2.371504,1.207978726
phyllis,white,F,88.038,1.414,8.25,1.591,0.236,0.471,3.865365,2.722757,2.073962,2.271514,1.142607789
pierre,white,M,59.919,4.049,28.745,6.073,0.405,0.81,3.573789,2.432826,2.675622,2.317439,0.898167555
preston,white,M,85.075,0.373,10.448,2.985,0.746,0.373,3.566217,2.746615,2.203062,2.204419,0.819602215
priscilla,white,F,70.323,11.613,11.452,6.29,0.161,0.161,3.308071,2.655259,2.577212,2.345643,0.652811853
priya,asian,F,16.949,0,0,79.661,3.39,0,2.307511,2.929634,2.673727,3.122424,0.192789513
quentin,black,M,71.154,0,23.077,5.769,0,0,3.198948,3.297519,2.618238,2.327738,0.098570444
quincy,black,M,37.5,0,47.5,15,0,0,3.024656,3.155842,2.181838,2.133459,0.131186621
quinton,black,M,51.111,2.222,44.444,2.222,0,0,2.958103,3.415964,2.602054,2.392653,0.457860955
rachel,white,F,90.806,4.387,2.29,2.355,0.032,0.129,3.792367,2.859263,2.48132,2.441851,0.933103889
rafael,hispanic,M,8.871,88.441,0.269,2.419,0,0,2.297317,2.617258,3.65748,2.185096,1.040222792
ralph,white,M,88.656,5.369,4.32,1.13,0.202,0.323,3.712812,2.865484,2.55863,2.323324,0.847327683
ramiro,hispanic,M,4.802,93.22,0.282,1.695,0,0,1.967894,2.782379,3.767761,2.505316,0.985381646
ramon,hispanic,M,11.311,79.179,1.301,8.008,0,0.2,2.746895,2.794318,3.702753,2.247959,0.908435408
ramona,hispanic,F,64.41,24.758,6.576,3.868,0.193,0.193,2.777352,2.790644,3.682893,2.285814,0.892249308
randall,white,M,96.728,0.711,0.996,1.387,0.071,0.107,3.640521,2.771725,2.312065,2.222298,0.868796431
randolph,white,F,82.072,2.789,11.355,3.386,0.199,0.199,3.781482,2.585404,2.35709,2.106237,1.196078008
randy,white,M,92.757,1.827,2.027,3.09,0.166,0.133,3.714624,2.507251,2.324767,2.134765,1.207372631
raquel,hispanic,F,32.308,56.667,4.615,5.897,0,0.513,3.057523,2.926904,3.099672,2.111341,0.04214888
raul,hispanic,M,7.094,89.261,0.493,3.054,0.099,0,2.952606,2.4092,3.798389,2.429481,0.845782779
ravi,asian,M,20,0,0,76.41,2.564,1.026,2.34302,2.838247,2.964989,3.005465,0.040476024
ray,white,M,79.58,6.807,6.907,6.206,0.3,0.2,3.371011,2.906777,2.566101,2.416789,0.464234027
raymond,white,M,84.755,5.486,4.35,5.12,0.135,0.154,3.382433,3.072414,2.762275,2.274928,0.310018793
raymundo,hispanic,M,4.673,90.654,0,4.673,0,0,2.0228,2.59035,3.639519,2.119293,1.04916968
rebeca,white,F,34.524,65.476,0,0,0,0,3.864364,2.375947,2.566801,2.211056,1.297562272
rebecca,white,F,94.052,3.486,0.83,1.369,0.124,0.138,4.015686,2.582344,2.733952,2.338203,1.281733683
regina,white,F,78.312,6.067,12.762,2.441,0.209,0.209,3.174234,2.777175,3.068465,2.331726,0.105768796
reginald,white,M,31.417,1.848,63.655,2.669,0,0.411,2.991782,2.972387,2.899885,2.161724,0.019394806
rene,white,M,48.125,44.875,2.625,4,0.125,0.25,3.26742,2.785515,2.936131,2.376748,0.331288582
renee,white,F,91.282,1.942,4.791,1.64,0.086,0.259,3.493063,2.829447,2.599333,2.373297,0.66361631
rex,white,M,90.023,0.907,0.454,8.617,0,0,3.576426,2.484412,2.239739,2.151985,1.092013571
reyna,hispanic,F,9.89,87.912,2.198,0,0,0,2.660798,3.125785,3.255605,2.504229,0.129820598
reynaldo,hispanic,M,5.618,65.169,0.749,28.464,0,0,2.40336,2.466781,3.977314,2.158194,1.51053301
rhonda,white,F,90.458,0.859,7.824,0.334,0.382,0.143,3.540191,2.992633,2.411777,2.046328,0.547557777
ricardo,hispanic,M,12.256,78.571,3.896,5.276,0,0,2.511907,2.394235,4.01985,2.032732,1.507943524
richard,white,M,93.697,2.869,1.409,1.801,0.079,0.145,3.786873,2.68176,2.556074,2.449247,1.105112983
rick,white,M,93.144,2.772,0.729,2.845,0.292,0.219,3.811469,2.561443,2.68532,2.252718,1.126148385
rickey,white,M,84.698,0.356,13.879,0.712,0,0.356,3.667811,2.907807,3.092694,2.321343,0.575117096
ricky,white,M,84.915,2.542,7.034,5.169,0.169,0.169,3.800285,2.472568,2.914131,2.273647,0.886154647
rico,hispanic,M,28.947,21.053,18.421,28.947,0,2.632,2.642458,2.69516,3.976121,2.157568,1.280961863
rigoberto,hispanic,M,2.459,96.721,0,0.41,0.41,0,2.337831,2.220431,3.740667,2.149241,1.402835633
rita,hispanic,F,81.053,8.312,4.75,5.679,0.052,0.155,3.156578,2.87517,3.302852,2.384187,0.146274052
robert,white,M,94.511,2.138,2.161,0.924,0.128,0.137,3.813464,3.028203,2.583399,2.278014,0.785261318
roberto,hispanic,M,12.821,80.529,0.321,6.33,0,0,2.301217,2.585321,4.395232,2.197022,1.809910345
robin,white,F,94.246,0.775,3.687,1.104,0.141,0.047,3.703682,2.880653,2.368962,2.094933,0.82302913
rochelle,black,F,83.716,1.461,12.944,1.879,0,0,3.007792,3.161098,2.505523,2.293573,0.153306148
rocio,hispanic,F,5.128,94.231,0,0.641,0,0,2.448707,2.566773,3.976688,2.122835,1.409915748
rocky,white,M,83.893,6.04,1.342,8.725,0,0,3.555282,2.804498,2.570241,2.116372,0.750783706
roderick,white,M,64.59,0.984,28.852,4.918,0.656,0,3.151268,3.035106,2.501865,2.130129,0.116161916
rodney,black,M,86.192,1.627,9.437,2.278,0.232,0.232,3.30483,3.390598,2.183603,2.132194,0.08576821
rodolfo,hispanic,M,7.466,77.407,0,14.735,0,0.393,2.500392,2.503082,3.593145,2.031175,1.090062761
rodrigo,hispanic,M,10.227,78.03,0,11.742,0,0,2.327057,2.215163,3.910995,2.272424,1.583938551
rogelio,hispanic,M,3.306,80.716,0,15.978,0,0,2.199732,2.482422,3.811399,2.296313,1.328977792
roger,white,M,92.842,2.515,2.104,2.355,0.023,0.16,3.983874,2.773778,2.376512,2.292769,1.210095952
roland,white,M,74.763,6.94,11.041,7.256,0,0,3.29789,2.9485,2.712194,2.213993,0.349390185
rolando,hispanic,M,9.063,66.465,0,24.471,0,0,2.264599,2.601281,3.746954,2.272499,1.145673102
roman,white,M,72.965,24.128,1.163,1.163,0.291,0.291,3.114701,2.460608,2.942826,2.23703,0.17187459
romeo,hispanic,M,18.75,22.159,2.273,56.818,0,0,2.885353,2.647653,3.36589,2.20683,0.480537291
ron,white,M,88.442,2.345,4.02,4.69,0.335,0.168,3.848746,2.944327,2.363608,2.501936,0.904419279
ronald,white,M,92.396,1.611,4.029,1.586,0.201,0.176,3.801009,2.872615,2.467474,2.233929,0.928393796
ronnie,white,M,78.506,4.828,13.678,2.529,0.115,0.345,3.621714,2.736806,2.40058,2.386018,0.88490768
roosevelt,white,M,7.692,0,92.308,0,0,0,3.203607,2.867713,2.026064,1.986877,0.335893983
rosa,hispanic,F,20.236,72.904,4.435,2.287,0.139,0,2.728516,2.828114,3.733982,2.423033,0.905867826
rosalind,hispanic,F,58.919,3.243,34.054,3.784,0,0,2.910887,2.664186,3.049259,2.427311,0.138371612
rosalinda,hispanic,F,19.162,61.078,0.599,18.563,0.599,0,2.358542,2.593048,3.743137,2.212604,1.150088973
rosanna,white,F,71.074,10.744,3.306,13.223,0.826,0.826,3.020514,2.845524,3.01538,2.211212,0.005134216
rosario,hispanic,F,22.078,60.39,0,17.532,0,0,2.672596,2.277812,3.864718,2.080439,1.192122652
rose,white,F,76.847,8.641,9.301,4.683,0.264,0.264,3.817054,2.79624,3.220144,2.502001,0.596910465
rosemarie,white,F,81.884,7.971,3.261,6.341,0.543,0,3.392069,2.359248,3.001245,2.185209,0.390823412
rosemary,white,F,86.478,6.875,4.202,2.215,0.229,0,3.702758,2.600713,3.062836,2.334738,0.639922047
rosie,hispanic,F,37.888,29.814,22.981,8.075,0.621,0.621,3.526538,3.008951,3.56668,2.408397,0.04014189
rosita,hispanic,F,25.455,32.727,1.818,38.182,1.818,0,2.134443,2.779093,3.930986,2.382612,1.151892811
ross,white,M,95.449,1.4,0.467,2.334,0.35,0,3.619265,2.749454,2.310078,2.224557,0.869811542
rowena,black,F,46.809,6.383,6.383,39.362,1.064,0,2.318081,3.281341,2.776798,2.393576,0.504543761
roxanne,white,F,85.74,4.456,6.239,3.209,0.357,0,3.751604,2.706476,2.520435,2.276182,1.04512768
roy,white,M,85.136,3.478,5.622,5.431,0.238,0.095,3.667847,2.674259,2.335796,2.188868,0.993587716
ruben,hispanic,M,13.768,80.849,1.242,4.037,0,0.104,2.99494,2.76303,3.4373,2.223185,0.442359782
ruby,white,F,53.057,9.862,24.063,12.623,0.394,0,3.35344,2.987666,2.715379,2.415349,0.36577389
rudy,white,M,42.581,43.226,3.226,10,0.645,0.323,3.396605,2.5907,2.634489,2.550871,0.762116372
rufus,black,M,52.439,1.22,41.463,3.659,1.22,0,2.631891,2.996557,2.722997,2.130697,0.273560406
russell,white,M,94.746,0.725,2.627,1.661,0.06,0.181,3.499995,2.564477,2.407387,2.205882,0.935517315
ruth,white,F,86.019,6.107,5.408,2.134,0.184,0.147,3.647424,2.641857,2.631806,2.393574,1.005567209
ryan,white,M,95.745,0.983,0.86,2.304,0.077,0.031,3.958766,2.566636,2.137922,2.408719,1.39212967
sabrina,white,F,75.335,5.736,14.34,4.015,0.382,0.191,3.415731,2.849102,2.904599,2.286187,0.511132375
salina,hispanic,F,40.625,9.375,15.625,34.375,0,0,2.990697,2.435872,3.80371,2.364344,0.81301356
sally,white,F,93.889,2.323,0.707,2.778,0.253,0.051,3.935908,2.55387,2.29163,2.11813,1.38203829
salvador,hispanic,M,5.044,91.803,0.126,2.9,0.126,0,2.157143,2.594874,3.968588,2.137956,1.373714166
sam,white,M,73.04,3.026,4.539,19.257,0.138,0,3.772201,2.867088,2.554488,2.783053,0.905112569
samantha,white,F,88.702,3.568,3.568,3.568,0.198,0.396,3.771675,2.581894,2.516856,2.108515,1.189780317
sammie,white,M,40.741,1.852,53.704,3.704,0,0,3.516421,3.047367,2.699092,2.767354,0.469053432
sammy,white,M,68.027,6.803,9.524,14.286,0,1.361,3.34183,2.885816,2.51052,2.495527,0.456014185
samson,white,M,20.313,4.688,25,50,0,0,3.118643,3.030244,2.496105,2.152009,0.088399019
samuel,white,M,73.198,11.599,9.388,5.421,0.182,0.212,3.581316,3.087408,2.578388,2.312962,0.49390803
sandra,white,F,86.714,7.58,4.34,1.06,0.204,0.102,3.691127,2.808621,2.461461,2.438681,0.88250659
sandy,white,F,70.492,7.286,2.186,19.49,0,0.546,3.629301,2.51125,2.389378,2.416298,1.118051198
santiago,hispanic,M,7.813,89.844,0,2.344,0,0,2.137061,2.151185,4.143236,1.983981,1.992051252
santos,hispanic,M,2.985,96.02,0,0.995,0,0,2.316147,2.251945,4.239298,2.236938,1.923150555
sara,white,F,90.869,6.698,1.074,1.169,0.126,0.063,4.019476,2.724476,2.451721,2.665827,1.294999541
sarah,white,F,93.969,1.891,1.752,2.078,0.14,0.171,3.781637,2.725031,2.556925,2.260001,1.05660623
sarita,hispanic,F,31.25,7.813,25,34.375,0,1.563,2.438258,3.04681,3.667398,2.397662,0.620587729
saul,white,M,28.621,70,1.379,0,0,0,2.918814,2.590452,2.823286,2.27518,0.095528187
scott,white,M,98.311,0.427,0.271,0.868,0.061,0.061,4.054035,2.418642,2.079866,2.146846,1.635393358
scotty,white,M,88.462,2.564,3.846,5.128,0,0,3.858251,2.220117,1.918188,2.038079,1.638133926
sean,white,M,94.509,0.864,2.364,1.957,0.127,0.178,3.840582,2.841088,2.257022,2.395745,0.999493938
selina,hispanic,F,51.471,14.706,14.706,17.647,0,1.471,2.797192,2.765292,3.374429,2.286552,0.577237129
serena,black,F,75.714,2.857,7.143,14.286,0,0,3.272183,3.427968,3.000904,2.515659,0.155784413
sergio,hispanic,M,14.718,83.194,0.522,1.566,0,0,2.561661,2.468594,3.426126,2.313898,0.864465361
seth,white,F,98.031,0.328,0.875,0.656,0.109,0,3.737765,2.443847,2.062455,2.29136,1.293918174
shan,white,M,37.143,0,0,62.857,0,0,3.26,3.165298,2.269724,3.055935,0.094701995
shane,white,M,97.059,0.754,0.754,1.207,0.075,0.151,3.834324,2.580731,1.977695,2.253782,1.253593279
shannon,white,F,95.41,1.102,2.754,0.551,0.092,0.092,3.78436,2.56018,2.286438,2.179989,1.224179775
sharon,white,F,91.302,0.736,5.766,1.877,0.172,0.147,3.803654,2.537724,2.44416,2.219322,1.265929917
shaun,white,M,92.384,0.705,3.808,2.539,0.141,0.423,3.604084,2.69772,2.223267,2.123286,0.906363659
shawn,white,M,94.018,0.987,3.022,1.603,0.185,0.185,3.754088,2.958066,2.535647,2.339841,0.79602198
sheena,black,F,70.69,4.31,16.379,6.897,1.724,0,2.772591,3.513349,2.720725,2.667075,0.740757648
sheila,white,F,87.146,1.819,8.569,2.061,0.04,0.364,3.563675,2.855109,2.332473,2.230154,0.708565954
shelia,white,F,69.714,0.571,29.714,0,0,0,3.508449,2.864338,2.449011,2.349416,0.644110618
shelly,white,F,94.6,1.024,1.955,2.048,0.372,0,3.893335,2.700788,2.241562,2.223591,1.19254664
sheri,white,F,94.941,0.538,2.153,1.938,0.323,0.108,3.822174,3.01206,2.612653,2.258022,0.810114261
sherman,white,M,59.218,1.676,27.374,11.173,0,0.559,3.41832,3.092761,2.257916,2.210769,0.325559126
sherri,white,F,93.881,0.524,4.371,1.049,0.175,0,3.6314,2.629172,2.448048,2.247089,1.002227644
sherry,white,F,92.442,0.922,4.194,2.212,0.138,0.092,3.925377,2.642118,2.035635,2.293638,1.283259749
shirley,white,F,80.576,2.076,12.257,4.588,0.234,0.268,3.832179,2.989774,2.230356,2.123555,0.842404552
silvia,hispanic,F,23.698,73.609,1.257,1.077,0.359,0,3.296594,2.891204,3.299805,2.438892,0.003211012
simon,white,M,65.591,9.857,3.584,20.789,0,0.179,3.648911,2.860755,2.547548,2.169153,0.788156559
sofia,hispanic,F,41.489,48.936,1.064,7.979,0,0.532,3.278431,2.6865,3.3176,2.566511,0.039169403
solomon,black,M,35.345,2.586,44.828,15.517,1.724,0,2.669975,3.124443,2.456746,2.410991,0.454467976
sonia,hispanic,F,36.655,46.048,7.675,9.393,0.115,0.115,3.310257,2.719012,3.525565,2.51553,0.215308085
sonny,white,M,39.423,5.769,3.846,50.962,0,0,3.257413,2.6088,2.752713,2.636309,0.50470025
sonya,hispanic,F,71.862,6.478,18.219,2.632,0,0.81,2.854831,2.819244,3.112363,2.68628,0.257532401
sophia,white,F,56.18,12.36,14.232,17.228,0,0,3.386059,2.640734,3.072008,2.431951,0.314051859
spencer,white,M,88.915,0.231,6.005,4.619,0.231,0,3.690223,2.784134,2.291086,2.103771,0.906089263
stacy,white,F,94.482,1.122,2.333,1.525,0.269,0.269,3.971746,2.596929,2.068013,2.212848,1.374816671
stanley,white,M,84.843,1.132,7.037,6.644,0.049,0.295,3.702702,2.680021,2.108402,2.153586,1.02268114
stella,white,F,57.653,13.265,12.755,14.796,0.255,1.276,3.397081,2.787667,3.027039,2.23273,0.370042058
stephanie,white,F,91.288,2.288,4.309,1.818,0.078,0.219,3.855214,2.490705,2.568147,2.294201,1.287067179
stephen,white,M,96.291,0.76,1.112,1.729,0.057,0.05,3.742595,2.785315,2.41349,2.578596,0.957279924
steve,white,M,85.399,4.833,2.209,7.214,0.242,0.104,3.687362,2.575717,2.355465,2.166491,1.111644491
steven,white,M,95.271,1.351,1.181,2.054,0.074,0.069,3.84375,2.840027,2.637091,2.371061,1.003722619
stevie,white,M,57.143,2.857,31.429,5.714,0,2.857,3.495065,2.831447,2.279147,2.289575,0.663617456
stuart,white,M,96.602,0.34,0.935,2.124,0,0,3.706386,2.522405,2.30187,2.399202,1.183980953
sue,white,F,93.409,0.57,0.814,5.045,0.163,0,3.885131,2.503436,2.263717,2.58717,1.297961309
sunny,white,F,54.962,0,1.527,41.985,1.527,0,3.607608,2.63369,2.415748,2.668603,0.93900496
susan,white,F,96.281,1.117,0.5,1.872,0.082,0.148,3.787975,2.519577,2.312409,2.820425,0.967549369
susana,white,F,21.993,68.041,1.031,8.935,0,0,3.6031,2.607061,2.789074,2.331906,0.814025613
susanna,white,F,79.082,9.184,0,11.735,0,0,3.667527,2.587495,2.742568,2.250031,0.924959006
susie,white,F,57.635,9.852,11.823,20.197,0.493,0,3.768785,2.430471,2.057451,2.709846,1.058938452
suzanne,white,F,96.839,1.455,0.477,1.154,0,0.075,4.049509,2.787872,2.231459,2.420116,1.261637232
sylvester,white,M,32.039,5.825,60.194,1.942,0,0,3.385982,2.566672,2.490348,2.419718,0.819309314
sylvia,white,F,58.169,24.014,12.113,5.282,0.352,0.07,3.355944,2.485335,3.040981,2.395831,0.314963062
tabitha,white,F,84.974,3.109,9.326,1.554,0.518,0.518,3.148013,2.891127,2.419465,2.392567,0.256886354
tamara,black,F,93.001,1.721,4.418,0.574,0.115,0.172,2.690166,3.185974,2.515806,2.181395,0.495807962
tamika,black,F,7.317,3.659,89.024,0,0,0,2.185216,3.558096,2.591251,2.26022,0.966844931
tammie,white,F,86.477,1.779,9.253,2.135,0.356,0,3.165494,2.851513,2.233116,2.217334,0.31398066
tammy,white,F,92.421,1.578,2.846,2.743,0.171,0.24,3.795112,2.677367,2.319899,2.44351,1.117745709
tania,black,F,69.796,22.449,2.857,4.898,0,0,2.896064,3.415912,3.068853,2.648345,0.347058987
tanisha,black,F,19.048,0,80.952,0,0,0,2.303103,4.132073,2.125076,2.082,1.828970202
tanya,white,F,81.946,3.648,10.664,2.9,0.468,0.374,3.408679,3.20573,2.542505,2.377553,0.202948868
tara,white,F,94.365,0.93,3.228,1.313,0.055,0.109,3.402476,2.973787,2.39004,2.587422,0.428689552
tasha,black,F,73.103,2.069,22.759,2.069,0,0,2.525268,3.876601,2.776463,2.341968,1.100137332
ted,white,M,89.384,1.311,1.704,7.208,0.393,0,3.773465,2.464971,2.450315,2.181033,1.30849396
teddy,white,M,75.316,6.962,4.43,12.658,0,0.633,3.555576,2.793308,2.592652,2.33712,0.762268564
teresa,white,F,83.268,11.089,2.802,2.506,0.237,0.099,3.636668,2.645844,3.160558,2.314344,0.476110381
teresita,hispanic,F,18.5,19.5,1,60,0.5,0.5,2.295482,2.701141,3.738404,2.139842,1.037263205
terrance,black,M,81.579,0.439,15.132,2.412,0,0.439,3.033095,3.258332,2.266359,2.064286,0.225237502
terrell,black,M,61.321,0,37.736,0,0,0.943,2.619072,3.682377,2.466159,2.037221,1.063304355
terri,white,F,93.884,1.212,3.085,1.543,0.165,0.11,3.501131,2.681468,2.29487,2.346374,0.819663331
terry,white,M,93.195,0.72,4.235,1.357,0.267,0.226,3.391303,2.95241,2.222625,2.336795,0.438893452
thelma,white,F,55.696,13.924,21.266,8.608,0,0.506,3.34065,2.952982,2.39818,2.337166,0.387668336
theodore,white,M,89.782,1.32,5.97,2.526,0.23,0.172,3.617434,2.897548,2.225665,2.220642,0.719886045
theresa,white,F,89.798,3.643,4.008,2.235,0.194,0.121,3.556967,2.712101,3.185091,2.330287,0.371875269
thomas,white,M,95.917,0.974,1.31,1.569,0.113,0.117,3.646789,2.980589,2.700443,2.453004,0.666200205
tia,asian,F,74.016,0,18.898,6.299,0,0.787,2.808831,3.143164,3.126525,3.229214,0.086050912
tiffany,white,F,82.433,1.418,10.202,5.292,0.327,0.327,3.818906,2.933475,2.557399,2.607788,0.885431372
tim,white,M,90.881,1.216,1.114,6.687,0.101,0,4.158352,2.669014,2.392034,2.511357,1.489338451
timmy,white,M,80.556,2.778,5.556,11.111,0,0,4.057557,2.473623,2.411828,2.374734,1.583933567
timothy,white,M,96.274,0.691,1.763,1.044,0.138,0.09,3.70728,2.527455,2.239847,2.521722,1.179825324
tina,white,F,88.164,2.299,3.204,5.993,0.188,0.151,3.643301,2.730394,2.720029,2.547501,0.912906742
todd,white,M,97.885,0.402,0.944,0.664,0.087,0.017,3.954595,2.465204,1.987932,2.091504,1.48939109
tom,white,M,82.035,0.935,1.038,15.472,0.312,0.208,4.023155,2.640104,2.291512,2.511045,1.383051012
tomas,hispanic,M,25.407,67.427,0.977,6.189,0,0,3.128477,2.725698,3.342779,2.130688,0.214301881
tommie,white,M,61.538,3.846,32.308,1.538,0.769,0,3.691462,2.58611,2.581382,2.541401,1.105351972
tommy,white,M,73.826,3.556,8.819,13.087,0.711,0,3.714219,2.623534,2.48607,2.419935,1.090685
toni,white,F,87.002,2.83,8.386,1.048,0.524,0.21,3.447345,3.155897,2.923913,2.454272,0.291448371
tonia,black,F,78.846,3.205,17.308,0.641,0,0,2.894188,3.415642,2.678195,2.354857,0.521453963
tony,white,M,63.002,6.915,8.57,21.099,0.355,0.059,3.598869,2.937838,3.091878,2.54176,0.506990328
tonya,white,F,83.519,0.891,14.699,0.445,0.223,0.223,3.144079,2.874819,2.85396,2.523666,0.269260767
tracey,white,F,89.752,0.801,8.407,0.881,0,0.16,3.539026,2.577321,2.489942,2.171683,0.96170417
tracy,white,F,92.334,0.995,4.246,2.135,0.146,0.146,3.586015,2.698884,2.194733,2.156946,0.887130854
travis,white,M,94.235,0.734,3.564,0.996,0.419,0.052,3.451535,2.77294,2.115617,2.217611,0.678594981
trevor,white,M,92.204,0.9,5.697,0.9,0,0.3,3.606131,2.902699,2.397088,2.371043,0.703432131
trina,white,F,76.623,3.571,15.909,3.247,0.325,0.325,3.090094,3.037656,3.058991,2.520258,0.031102225
tristan,white,M,83.133,1.205,4.819,10.843,0,0,3.377976,2.800044,2.387872,2.257235,0.577931993
troy,white,M,92.381,0.847,5.556,1.058,0.106,0.053,3.531472,2.739521,2.182586,2.222749,0.791950211
tuan,asian,M,2.317,0.386,0,96.911,0,0.386,2.168513,3.035689,3.01704,3.670301,0.634611626
ty,white,M,83.478,0.435,1.739,13.913,0.435,0,3.413429,3.160246,2.366407,2.744603,0.253183097
tyler,white,M,97.648,0.847,0.188,0.847,0.282,0.188,3.913335,2.915958,2.247465,2.448474,0.9973768
tyrone,black,M,32.061,3.817,59.542,4.198,0,0.382,2.412603,4.134946,2.35573,2.059197,1.722342467
ulysses,white,M,15.556,17.778,46.667,17.778,2.222,0,3.392625,2.803356,2.481731,2.288954,0.589268926
valerie,white,F,86.647,3.826,7.539,1.688,0.113,0.188,3.763434,2.702476,2.627974,2.375621,1.060957848
van,white,M,46.313,1.77,5.015,46.608,0,0.295,3.321906,2.437014,2.30907,2.580725,0.741181098
vanessa,white,F,63.415,15.76,15.947,4.034,0.281,0.563,3.375182,3.084137,2.966153,2.323352,0.291044817
venus,black,F,41.818,12.727,20,23.636,1.818,0,2.690299,3.290599,2.52086,2.319227,0.600300246
vernon,black,M,79.592,1.099,15.856,3.454,0,0,3.111934,3.249916,2.367676,2.234069,0.137981783
veronica,white,F,46.667,40.133,10.2,2.8,0.2,0,3.499601,2.828534,2.684021,2.364846,0.671066451
vicente,hispanic,M,5.634,82.629,0,11.737,0,0,2.598407,2.425603,3.577983,2.328788,0.979576124
vicki,white,F,95.443,0.838,2.043,1.467,0.21,0,3.657732,2.840956,2.620398,2.549456,0.816776127
vickie,white,F,92.181,1.432,5.286,0.771,0.11,0.22,3.850775,2.606953,2.650856,2.383132,1.199919486
vicky,white,F,84.325,4.167,1.587,9.325,0.198,0.397,3.690204,2.490812,2.767139,2.392744,0.923065075
victor,white,M,47.479,40.711,4.869,6.768,0.069,0.104,3.101084,2.690833,2.891244,2.320922,0.209839844
victoria,white,F,83.515,8.424,3.74,3.704,0.327,0.29,3.937209,2.765757,2.652225,2.41891,1.171452831
vince,white,M,76.344,5.376,3.226,13.978,0.538,0.538,3.493693,2.749797,2.46419,2.364031,0.743896036
vincent,white,M,81.938,4.149,5.508,8.047,0.072,0.286,3.440789,2.878828,2.634681,2.216804,0.561960705
virginia,white,F,83.775,9.585,3.664,2.65,0.131,0.196,3.764584,2.711382,2.507555,2.364244,1.05320219
vivian,white,F,62.726,9.288,14.113,13.631,0.241,0,3.668644,2.895837,2.637196,2.469272,0.772806831
viviana,hispanic,F,23.077,73.077,1.923,1.923,0,0,2.920371,2.73496,3.213219,2.411172,0.292848021
wallace,white,M,84.401,1.114,7.799,6.128,0.279,0.279,3.34449,2.860384,2.107049,2.181726,0.484106379
walter,white,M,85.796,4.512,7.69,1.875,0.032,0.095,3.84976,2.911599,2.15553,2.442159,0.938161239
wanda,black,F,77.553,4.204,16.517,1.126,0.3,0.3,3.183612,3.484036,2.599991,1.993352,0.300423745
warren,white,M,86.031,0.575,7.477,5.341,0.247,0.329,3.620086,2.740373,1.958112,2.183727,0.879712733
wayne,white,M,90.478,0.695,4.718,3.849,0.087,0.174,3.717872,3.014758,2.194879,2.302268,0.703113729
wendell,white,M,67.754,0.725,26.812,4.348,0,0.362,3.067124,2.976471,2.297704,2.087071,0.090653269
wendy,white,F,91.648,2.801,1.615,3.76,0.126,0.05,3.573118,2.337691,2.348957,2.403868,1.169250464
wesley,white,M,91.637,0.44,3.873,3.697,0.264,0.088,3.690461,2.809224,2.166586,2.164768,0.881236597
whitney,white,F,95.388,0.629,2.516,1.258,0.21,0,3.449143,2.969721,2.163636,2.137949,0.479422273
wilbert,white,M,39.423,9.615,45.192,4.808,0.962,0,3.555978,2.688726,2.315645,2.001932,0.86725205
wilfred,white,M,57.534,5.479,21.918,15.068,0,0,3.419206,2.868418,2.366905,2.225649,0.550787798
wilfredo,hispanic,M,8.84,67.956,0,23.204,0,0,2.489925,2.581918,3.028014,2.22564,0.446096472
william,white,M,94.523,1.397,2.558,1.3,0.103,0.119,3.908863,3.002344,2.633654,2.332917,0.90651902
willie,white,M,18.868,2.22,75.916,2.553,0.111,0.333,3.289721,3.234496,2.486855,2.189658,0.055225746
wilson,white,M,41.509,23.27,9.119,25.786,0,0.314,3.195315,3.109042,2.324287,1.986055,0.086273052
winnie,white,F,18.919,2.703,6.306,72.072,0,0,3.574146,2.831229,2.373665,2.430497,0.742917641
winston,white,M,44.928,5.797,32.367,16.908,0,0,3.689057,3.077889,1.939824,2.260136,0.61116804
xavier,hispanic,M,30.435,50.435,16.522,2.609,0,0,2.904294,3.03905,3.069763,2.433116,0.030713241
yadira,hispanic,F,11.765,86.765,1.471,0,0,0,2.066096,3.027813,3.388699,2.585337,0.360886018
yasmin,black,F,30.435,31.884,7.246,28.986,0,1.449,2.501089,3.0834,3.009054,2.93453,0.074345989
yesenia,hispanic,F,7.563,91.597,0.84,0,0,0,2.410585,3.076881,3.474319,2.603772,0.397438126
yolanda,black,F,19.043,56.929,19.342,4.287,0.199,0.199,2.325239,3.482011,3.477376,2.21043,0.004635266
young,asian,F,2.746,0,0.229,96.796,0,0.229,3.093415,2.607358,2.074727,3.240769,0.147353999
yvette,black,F,53.986,22.779,21.412,1.595,0.228,0,2.916753,3.314991,2.932585,2.651673,0.382405741
yvonne,black,F,65.278,10.185,18.364,5.247,0.54,0.386,3.042037,3.169498,2.877304,2.258497,0.127460638
zachary,white,M,95.968,0.806,1.613,0.986,0.269,0.358,3.567882,2.642621,2.239024,2.538109,0.925260621
